code,first_name,second_name,web_name,fbref
1243,Robert,Green,Green,a350680b
1616,Alexander,Manninger,Manninger,eb55b1bc
1632,Gareth,Barry,Barry,7dbbe367
1718,John,Terry,Terry,68517cfd
1801,Paul,Robinson,Robinson,3515ba56
1822,Shay,Given,Given,0db918ff
2404,Michael,Carrick,Carrick,ab7263c1
2513,Jamie,Murphy,Murphy,6c96b263
3201,Stuart,Taylor,Taylor,30871c08
3736,John,O'Shea,O'Shea,7c1f4685
3773,Peter,Crouch,Crouch,73d9bdc7
5288,Gerhard,Tremmel,Tremmel,4370cecc
5589,Dean,Whitehead,Whitehead,a32204c9
6744,Lee,Grant,Grant,9dab6e3b
7525,Steven,Pienaar,Pienaar,8056f6e6
7551,Joleon,Lescott,Lescott,62393d3b
7638,Mark,Hudson,Hudson,e4e3de44
7645,Phil,Jagielka,Jagielka,3233eefd
7906,Damien,Delaney,Delaney,210d9ecb
7958,Jermain,Defoe,Defoe,f1e8372d
8380,James,Collins,Collins,c61f1719
8432,José,Reina,Reina,e358587b
9047,Glen,Johnson,Johnson,8cceca90
9089,Ben,Foster,Foster,d0b3ceb9
9110,Shaun,Maloney,Maloney,0558e236
9808,Zlatan,Ibrahimovic,Ibrahimovic,4cde5509
10318,Maarten,Stekelenburg,Stekelenburg,fefce889
10460,Grant,Leadbitter,Leadbitter,516f7fc1
10589,Brian,Murphy,Brian Murphy,47e0ce24
11037,Rickie,Lambert,Lambert,495de82c
11334,Petr,Cech,Cech,71672fa0
11352,Bruno,Saltor Grau,Bruno,78803d03
11467,Billy,Jones,Jones,aa3cb1ad
11554,Julian,Speroni,Speroni,8e65a5e5
11735,Steve,Sidwell,Sidwell,ed083afd
11829,Wayne,Routledge,Routledge,1d387eee
11854,Daryl,Murphy,Murphy,ac99973f
11948,Andy,Lonergan,Lonergan,165cf989
11974,Eldin,Jakupovic,Jakupović,1148323a
12002,Stewart,Downing,Downing,b13c4620
12086,Boaz,Myhill,Myhill,7ca2d989
12150,Glenn,Whelan,Whelan,d5bd56a5
12390,Allan,McGregor,McGregor,f3a97d02
12413,Robert,Huth,Huth,0bd1ea64
12496,Víctor,Valdés,Valdés,e029e404
12679,Michael,Dawson,Dawson,4771114f
12744,David,Nugent,Nugent,f9b5e5bd
12745,Leighton,Baines,Baines,b18095b6
12813,Jonathan,Walters,Walters,0356cf4f
13017,Wayne,Rooney,Rooney,f07be45a
13152,Andy,King,King,d790907f
14075,Patrice,Evra,Evra,51a3caf1
14295,Darren,Fletcher,Fletcher,184e4970
14664,Gnegneri Yaya,Touré,Yaya Touré,c204f844
14927,Greg,Halford,Halford,06d45e81
14937,Cristiano Ronaldo,dos Santos Aveiro,Ronaldo,dea698d9
15033,Wes,Morgan,Morgan,80c31c97
15109,Tom,Huddlestone,Huddlestone,464cbbc9
15114,Leon,Britton,Britton,b92dd711
15137,Liam,Rosenior,Rosenior,8b0d6fe9
15144,David,Marshall,Marshall,4d93d433
15149,Simon,Francis,Francis,1e0b6a73
15157,James,Milner,Milner,2f90f6b8
15208,Bastian,Schweinsteiger,Schweinsteiger,ccc22fea
15237,Andrew,Surman,Surman,7d41b619
15276,Joey,Barton,Barton,93bfa675
15633,Alex,Baptiste,Baptiste,7b72f0b6
15749,Joe,Hart,Hart,cb4f24c6
15885,Adam,Federici,Federici,e5ea8be7
15944,Michael,Kightly,Kightly,26e5c484
15982,Dean,Marney,Marney,b3379356
16045,Ben,Watson,Watson,df540668
17127,Per,Mertesacker,Mertesacker,5be28712
17336,Gaël,Clichy,Clichy,450ad405
17339,Steven,Davis,Davis,cf15bbb1
17349,Aaron,Lennon,Lennon,2ff964a0
17476,Vincent,Kompany,Kompany,d2bff301
17601,Scott,Carson,Carson,3e1550ee
17740,Jesús,Navas,Navas,3f10bd22
17745,Kasper,Schmeichel,Schmeichel,53af52f3
17761,James,Tarkowski,Tarkowski,15ea812b
17878,Cesc,Fàbregas,Fàbregas,33508c78
17997,Phil,Bardsley,Bardsley,1ae30132
18006,Martin,Cranie,Cranie,9e53837d
18008,James,Morrison,Morrison,21a66e33
18073,Mark,Noble,Noble,ff527768
18155,Mathieu,Flamini,Flamini,148d4105
18440,Leon,Clarke,Clarke,91c975a0
18499,Michael,McGovern,McGovern,51a19d04
18507,Diego,Da Silva Costa,Diego Costa,a190d597
18656,Heurelho da Silva,Gomes,Gomes,d596e193
18665,Alexander,Tettey,Tettey,75566759
18726,Artur,Boruc,Boruc,34ccf6fa
18759,Álvaro,Arbeloa,Arbeloa,6dc73abd
18805,Joe,Ledley,Ledley,c221f149
18832,Richard,Stearman,Stearman,9a3a436e
18867,Billy,Sharp,Sharp,e8c9f4e9
18892,Ashley,Young,Young,be927d03
18987,Robert,Snodgrass,Snodgrass,9f4647e9
19057,Sebastian,Larsson,Larsson,b26efc36
19071,Uwe,Hünemeier,Hünemeier,f42456eb
19101,Dimitrios,Konstantopoulos,Konstantopoulos,05778dfe
19115,Curtis,Davies,Davies,607fb965
19151,Chris,Brunt,Brunt,ec7e6ad1
19159,Ashley,Williams,Williams,a498e276
19188,Scott,Dann,Dann,52105203
19194,David,Martin,Martin,07666c20
19197,Jason,Puncheon,Puncheon,fd3f57ce
19236,John,Ruddy,Ruddy,da8b19e2
19272,Gareth,McAuley,McAuley,ac7d7378
19342,Ikechi,Anya,Anya,c55e973d
19419,Gary,Cahill,Cahill,7914b9fe
19520,Ryan,Babel,Babel,6438d426
19523,Sol,Bamba,Bamba,5534217d
19524,Santiago,Cazorla,Cazorla,e2e9c250
19556,David,Jones,Jones,2f0edbe7
19568,Ibrahim,Afellay,Afellay,9a8c6673
19624,João Filipe Iria,Santos Moutinho,Moutinho,f5a00fa4
19687,Alex,Bruce,Bruce,102ed2b2
19760,Fernando,Llorente,Llorente,82dbf623
19812,Dusan,Kuciak,Kuciak,c78c8c27
19838,Robert,Elliot,Elliot,b1b25949
20037,Marc,Pugh,Pugh,9aacb284
20046,Stefano,Okaka,Okaka,601ef102
20047,Jordan,Rhodes,Rhodes,3b8b641c
20066,Wayne,Hennessey,Hennessey,76eca7e2
20145,Adrian,Mariappa,Mariappa,8aa5f52c
20208,Charlie,Adam,Adam,aff418dc
20310,Willy,Caballero,Caballero,a179d516
20399,Antonio,Barragán,Barragán,487d9b09
20452,Shane,Long,Long,9f472354
20467,Theo,Walcott,Walcott,1ecb65be
20480,Tim,Krul,Krul,f23f9d20
20481,Stephen,Ireland,Ireland,bcf30f17
20487,Vito,Mannone,Mannone,c4173f1a
20529,Glenn,Murray,Murray,f2f29dda
20658,Pablo,Zabaleta,Zabaleta,6813ac34
20664,David,Silva,David Silva,e2716bd0
20669,Shaun,MacDonald,MacDonald,fdcff59c
20695,Antonio,Valencia,Valencia,08aa17d0
21083,Nathan,Dyer,Dyer,6dfd5af0
21123,Valon,Behrami,Behrami,d3d758d8
21205,Tom,Heaton,Heaton,a6de6361
21246,Lewis,Grabban,Grabban,1a857282
26719,Rene,Gilmartin,Gilmartin,f1b7c957
26901,Kevin,Mirallas,Mirallas,aa51343f
26921,Arouna,Koné,Koné,f9a72ca4
27334,Mathieu,Debuchy,Debuchy,92232aad
27335,Stephan,Lichtsteiner,Lichtsteiner,99b1d0e6
27341,Yohan,Cabaye,Cabaye,ad7b19ef
27436,David,McGoldrick,McGoldrick,dbe56a33
27462,Jesús,Gámez Duarte,Gámez,bd1d1cbb
27698,Matthew,Connolly,Connolly,2797fc1d
27707,Darron,Gibson,Gibson,f0e72e1c
27770,Birkir,Bjarnason,Bjarnason,da13074e
27789,Fernando,Luiz Rosa,Fernandinho,101da2b5
28082,Ralf,Fahrmann,Fahrmann,1e43fad8
28147,Mohamed,Diamé,Diamé,b7d082af
28160,Mario,Suárez,Suárez,7106f0a0
28244,George,Boyd,Boyd,0a9048ce
28411,Keylor,Navas,Navas,ecada4fc
28448,Lee,Cattermole,Cattermole,538e77d5
28462,Sam,Baldock,Baldock,9d597f08
28468,Craig,Gardner,Gardner,1117b9ff
28495,John Obi,Mikel,Mikel,424d5f72
28541,Fraizer,Campbell,Campbell,81d63375
28554,Samir,Nasri,Nasri,165bed61
28593,Victor,Anichebe,Anichebe,4aed5c19
28609,Adam,Legzdins,Legzdins,f5b114ca
28654,Martin,Olsson,Olsson,2f72f79e
28690,Pablo,Hernández Domínguez,Hernández,c0398aca
32259,Darren,Randolph,Randolph,6385ebfb
32318,Marc,Wilson,Marc Wilson,c325c010
33148,Claudio,Bravo,Bravo,10072610
33871,Ragnar,Klavan,Klavan,008a6e6d
34654,Lukas,Jutkiewicz,Jutkiewicz,3943a06f
36903,Gareth,Bale,Bale,a58bb1e1
37002,Rouwen,Hennings,Hennings,17611373
37096,Lukasz,Fabianski,Fabianski,9328b835
37265,Alexis,Sánchez,Sánchez,2c0f8e9e
37339,Ahmed,El Mohamady,El Mohamady,615ef733
37388,Marcin,Wasilewski,Wasilewski,24249219
37402,Christian,Fuchs,Fuchs,a67a09fb
37572,Sergio,Agüero,Agüero,4d034881
37605,Mesut,Özil,Özil,16380240
37614,Mario,Vrancic,Vrancic,16fa6881
37642,Jonny,Evans,Evans,f8fcd2a5
37742,Younes,Kaboul,Kaboul,3680d723
37748,Bacary,Sagna,Sagna,6ef56efd
37869,Ryan,Shawcross,Shawcross,285a3d44
37901,Dimitri,Payet,Payet,58ae47b2
37915,Hugo,Lloris,Lloris,8f62b6ee
37998,Bafétimbi,Gomis,Gomis,3d6686f9
38038,Ben,Hamer,Hamer,d822a850
38290,Danny,Rose,Rose,89d10e53
38411,Nacho,Monreal,Monreal,d4cb83cc
38419,Loïc,Remy,Remy,5c2da10f
38439,Etienne,Capoue,Capoue,5acc4a10
38454,Dejan,Lovren,Lovren,1a2935f6
38490,Beram,Kayal,Kayal,26679cdf
38499,Tomer,Hemed,Hemed,27d7453c
38533,Rui Pedro,dos Santos Patrício,Patrício,79b0d6a0
38580,Jose,Fonte,Fonte,90f87966
38588,Gaetano,Berardi,Berardi,5348aada
38716,Lee,Peltier,Peltier,af341b88
39104,Mousa,Dembélé,Dembélé,f7ee69fb
39155,Adam,Lallana,Lallana,99813635
39158,Scott,Arfield,Arfield,b1313ec4
39167,Andrea,Ranocchia,Ranocchia,539230cf
39187,Jeremain,Lens,Lens,6f1721f0
39194,Jan,Vertonghen,Vertonghen,ba23a904
39215,Michel,Vorm,Vorm,1bebde9d
39253,Jonas,Olsson,Olsson,48844a9b
39270,Marvin,Emnes,Emnes,a5900d91
39472,Dieumerci,Mbokani,Mbokani,d9847696
39476,Sokratis,Papastathopoulos,Sokratis,b682dcf6
39487,Erik,Pieters,Pieters,1ef37668
39725,Anders,Lindegaard,Lindegaard,636f1a28
39790,Francisco,Casilla Cortés,Casilla,58bc7d18
39847,Steven,Defour,Defour,73489527
40002,Matteo,Darmian,Darmian,96e0490d
40142,Andy,Carroll,Carroll,b581987a
40145,Jack,Cork,Cork,74e12f1e
40146,Ryan,Bertrand,Bertrand,01226327
40202,George,Friend,Friend,4f97147d
40232,Gonzalo,Higuaín,Higuaín,8a08491a
40276,Bojan,Krkic Perez,Bojan,9fa0a0b8
40346,Erwin,Mulder,Mulder,b3576b7c
40349,Asmir,Begović,Begović,7b4de647
40383,Fraser,Forster,Forster,c3e39f12
40386,Chris,Basham,Basham,1aa84968
40387,Dan,Gosling,Gosling,7fec31a0
40399,Sam,Vokes,Vokes,1d6ac165
40451,Anthony,Pilkington,Pilkington,b31af577
40555,Joe,Allen,Allen,9feb8f24
40559,Fabricio,Agosto Ramírez,Fabri,af245161
40564,Henri,Lansbury,Lansbury,fe8e6fa1
40616,Stephen,Ward,Ward,3831b9fe
40669,Angelo,Ogbonna,Ogbonna,74b2cd7e
40694,Roberto,Jimenez Gago,Roberto,ba3ca78f
40720,Edinson,Cavani,Cavani,527f063d
40725,Danny,Simpson,Simpson,3201b03d
40755,Daniel,Sturridge,Sturridge,1b7ec703
40772,Gökhan,Inler,Inler,3200c583
40784,Mamadou,Sakho,Sakho,87935cf3
40833,Jérémy,Pied,Pied,a634b9d2
40836,Vicente,Guaita,Guaita,ab13a5aa
40845,Dale,Stephens,Stephens,653ee42d
40868,José,Holebas,Holebas,12aa7661
41135,Branislav,Ivanovic,Ivanovic,85f8571a
41184,Marouane,Fellaini,Fellaini,87575fd9
41251,Eduardo,dos Reis Carvalho,Eduardo,81b906e7
41270,David,Luiz Moreira Marinho,David Luiz,c0e27d1a
41320,Charlie,Daniels,Daniels,9d107085
41321,Yohan,Benalouane,Benalouane,8309b068
41328,César,Azpilicueta,Azpilicueta,53cad200
41338,Craig,Cathcart,Cathcart,89e4b358
41464,Marko,Arnautovic,Arnautovic,00459419
41674,Kevin,Long,Long,5a4280b1
41705,Bradley,Guzan,Guzan,d899e3bf
41725,Troy,Deeney,Deeney,82e34b69
41727,Ryan,Bennett,Bennett,0bad4516
41733,Georginio,Wijnaldum,Wijnaldum,eb58eef0
41792,Aaron,Ramsey,Ramsey,ef619b0b
41823,Fabian,Delph,Delph,111c3236
41926,Almen,Abdi,Abdi,8d425d84
41945,Sebastian,Prödl,Prödl,f5e6d08d
42427,Kieran,Gibbs,Gibbs,46ee5234
42493,Mario,Balotelli,Balotelli,8ff07990
42525,Stephen,Henderson,Henderson,f234c188
42564,Eric Maxim,Choupo-Moting,Choupo-Moting,0e6bc38c
42583,Sébastien,Pocognoli,Pocognoli,cc41eec1
42593,Aleksandar,Kolarov,Kolarov,eda40760
42727,Yoan,Gouffran,Gouffran,a28d181a
42738,Juan,Zuñiga,Zuñiga,06b34f37
42748,Gaëtan,Bong,Bong,cfd5e123
42774,Morgan,Schneiderlin,Schneiderlin,51b41c5c
42786,Eden,Hazard,Hazard,a39bb753
42824,Carlos,Sánchez,Carlos Sánchez,50b51fac
42892,Álvaro,Negredo,Negredo,63b0ca6b
42899,Sergio,Romero,Romero,1e26e376
42996,Angel,Rangel,Rangel,93ee387c
43020,Javier,Hernández Balcázar,Chicharito,189cee7b
43191,Leiva,Lucas,Lucas,4c78b5ed
43250,Tom,Cleverley,Cleverley,6cdd8245
43252,James,Chester,Chester,a772eba6
43521,Henri,Saivet,Saivet,f3709655
43626,Håvard,Nordtveit,Nordtveit,6cafd68d
43670,Juan,Mata,Mata,29733c72
43693,Martín,Cáceres,Cáceres,e94d79e3
43808,Markus,Suttner,Suttner,7391c2d9
44302,Adlène,Guédioura,Guédioura,f75825e3
44336,Sofiane,Feghouli,Feghouli,691f64f5
44343,Bakary,Sako,Sako,381d7d54
44346,Olivier,Giroud,Giroud,16ceb862
44413,Steve,Mandanda,Mandanda,1d2d5cc8
44604,Nordin,Amrabat,Amrabat,7c2a398c
44683,Jay,Rodriguez,Rodriguez,4ab53cdb
44699,Ashley,Barnes,Barnes,2691c772
45034,Ivan,Perišić,Perišić,6fe90922
45076,Lamine,Koné,Koné,a46472d0
45124,André,Ayew,A.Ayew,5dbefa9d
45196,Gary,Madine,Madine,e3e6502a
45220,Alex,Smithies,Smithies,bb91617c
45268,Moussa,Sissoko,Sissoko,2acd49b9
46483,Adrien,Silva,Silva,d6f88a1d
46695,Ritchie,de Laet,de Laet,dc234f98
47247,John,Fleck,Fleck,b63e789d
47390,Neil,Taylor,Taylor,c2f9d19f
47431,Willian,Borges da Silva,Willian,8b9ebd03
48332,Orestis,Karnezis,Karnezis,85b011bb
48615,Harry,Arter,Arter,2f4c5a52
48717,Winston,Reid,Reid,562eed5c
48760,Mathias,Jorgensen,Zanka,0db5d2c8
48771,Emilio,Nsue Lopez,Nsue,1c9bc4fa
48773,Siem,de Jong,de Jong,cf2a6ace
48844,David,Ospina,Ospina,82b1198a
48860,Niki,Mäenpää,Mäenpää,14a96e1c
49013,Victor,Moses,Moses,e726e11e
49083,Luke,Freeman,Freeman,636b64cd
49195,Jefferson,Montero,Montero,fa6561bf
49202,Sean,Scannell,Scannell,7ab42a5e
49207,Rudy,Gestede,Gestede,822b3ef9
49262,Jason,Steele,Steele,28300a16
49277,Leroy,Fer,Fer,3cefa66a
49382,Bruno,Ecuele Manga,Ecuele Manga,72a0fb65
49384,Jack,Rodwell,Rodwell,a07579ee
49413,James,Tomkins,Tomkins,e7ca0439
49438,Jordon,Mutch,Mutch,37c408cc
49440,Hal,Robson-Kanu,Robson-Kanu,fb2dec57
49464,Cristhian,Stuani,Stuani,220c11f1
49539,Kyle,Naughton,Naughton,e860c42f
49579,Pedro,Rodríguez Ledesma,Pedro,3ca7254a
49688,Alfred,N'Diaye,N'Diaye,7789bf63
49696,Mauro,Zárate,Zárate,cc18ff4c
49773,Albert,Adomah,Adomah,c7174e81
49806,David Junior,Hoilett,Hoilett,33af5b9e
49845,Aron,Gunnarsson,Gunnarsson,e2533c20
49944,Jake,Livermore,Livermore,b98570d1
49957,Kamil,Grosicki,Grosicki,81d8091f
49982,Sean,Morrison,Morrison,09fec029
50089,Geoff,Cameron,Cameron,1a160ea3
50093,David,Button,Button,e608ed4c
50175,Danny,Welbeck,Welbeck,ce5143da
50229,Matt,Phillips,Phillips,7bb5f40e
50232,Jonjo,Shelvey,Shelvey,3727dd3c
50471,James,McArthur,McArthur,cee31595
50472,James,McCarthy,McCarthy,64b08de7
51090,Thiago,Emiliano da Silva,Thiago Silva,86e7deaf
51344,Rajiv,van La Parra,van La Parra,1931bde9
51507,Laurent,Koscielny,Koscielny,f5efb153
51917,Diego,Cavalieri,Cavalieri,84e6ea11
51927,Ben,Mee,Mee,8df7a2fb
51934,Ron-Robert,Zieler,Zieler,a0606ae8
51938,Marc,Albrighton,Albrighton,b827d5b3
51940,David,De Gea Quintana,De Gea,7ba6d84e
52153,Miguel,Britos,Britos,356a9a62
52287,Evandro,Goebel,Evandro,67dbadfc
52484,Leon,Balogun,Balogun,78e68b4d
52538,Fernando Francisco,Reges,Fernando,41f32541
52775,Nicolas,Nkoulou,Nkoulou,93cf32a8
52940,Daryl,Janmaat,Janmaat,45da6694
53371,David,Meyler,Meyler,8ea6417a
54102,Jack,Wilshere,Wilshere,9c318325
54284,Chris,Löwe,Löwe,c6896eab
54316,Leonardo,Ulloa,Ulloa,eed56f6c
54421,Floyd,Ayité,Ayité,fd5888a0
54469,Adam,Smith,Smith,20b104bc
54484,Francisco,Femenía Far,Femenía,e5d01ecf
54513,Vicente,Iborra,Iborra,ad1ffcfd
54527,Loïc,Damour,Damour,074d8166
54694,Pierre-Emerick,Aubameyang,Aubameyang,d5dd5f1f
54738,Thomas,Kaminski,Kaminski,1caa93a5
54756,Victor,Wanyama,Wanyama,e0900238
54764,Jonathan,Kodjia,Kodjia,ecf44e09
54771,Fabio Pereira,da Silva,Fabio,bc7b4580
54861,Christian,Benteke,Benteke,ab070c55
54908,Nacer,Chadli,Chadli,5b54bf3b
55037,Cheikhou,Kouyaté,Kouyaté,8d3c902d
55038,Kevin,McDonald,McDonald,71a08f97
55313,Franck,Tabanou,Tabanou,15e1afd5
55317,Bernardo,Espinosa Zúñiga,Bernardo,4242011c
55422,Gylfi,Sigurdsson,Sigurdsson,76dd1480
55452,Yannick,Bolasie,Bolasie,715fc0fe
55459,Aaron,Cresswell,Cresswell,4f974391
55494,Joel,Ward,Ward,8a7ff278
55605,Toby,Alderweireld,Alderweireld,f7d50789
55829,Claudio,Yacob,Yacob,bda6ffd4
55909,Chris,Smalling,Smalling,b6964eb6
55914,Liam,Cooper,Cooper,dc64b8b3
56192,Rhu-endly,Martina,Cuco Martina,22551915
56377,Andriy,Yarmolenko,Yarmolenko,849c826a
56827,Costel,Pantilimon,Pantilimon,d24e154c
56864,Francis,Coquelin,Coquelin,a6951bf8
56872,Junior,Stanislas,Stanislas,6992791d
56917,Steve,Cook,Cook,3e5e4e63
56979,Jordan,Henderson,Henderson,935e6b8f
56981,Joe,Bennett,Bennett,dc936144
56983,Matt,Ritchie,Ritchie,71ef519e
57001,Wilfried,Bony,Bony,61abe9b6
57112,Eliaquim,Mangala,Mangala,f520049f
57127,Teemu,Pukki,Pukki,0745b37d
57134,Salomón,Rondón,Rondón,b318a643
57145,Federico,Fernández,Fernández,f25b010f
57187,Giedrius,Arlauskis,Arlauskis,1858bbf7
57249,Henrikh,Mkhitaryan,Mkhitaryan,dd0daf32
57328,Nathaniel,Clyne,Clyne,0442183b
57410,Nicolás,Otamendi,Otamendi,0d267745
57513,Jonas,Lössl,Lössl,939bc634
57531,Michail,Antonio,Antonio,ac05f970
57586,Luciano,Narsingh,Narsingh,977ffc24
57647,Lyle,Taylor,Lyle Taylor,3e80e04e
57736,Jan,Kirchhoff,Kirchhoff,a14d04e3
57913,Barry,Douglas,Douglas,c859705e
58376,Alex,McCarthy,McCarthy,36c2ca73
58476,Rui Pedro,da Rocha Fonte,Fonte,6ff8ef56
58498,Odion,Ighalo,Ighalo,03622183
58621,Kyle,Walker,Walker,86dd77d1
58771,Jack,Colback,Colback,963a9201
58786,Martin,Kelly,Kelly,d7492450
58791,Ryan,Mason,Mason,c8fac933
58822,Cédric,Alves Soares,Cédric,839c14e1
58845,Ciaran,Clark,Clark,2b91cf8e
58877,Daley,Blind,Blind,691bef82
58893,Marcos,Rojo,Rojo,e0991c04
59044,Adam,Clayton,Clayton,45b59689
59115,Mile,Jedinak,Jedinak,22fd2214
59125,Connor,Wickham,Wickham,41cc19c2
59614,Mark,Duffy,Duffy,d86ccbc9
59735,Karl,Darlow,Darlow,cde3309f
59741,Max,Gradel,Gradel,c5a500ca
59779,Pedro,Obiang,Obiang,ba1e04b3
59796,Gökhan,Töre,Töre,51960957
59846,Ander,Herrera,Herrera,436a9dd0
59856,Abel,Hernández,Hernández,a36da810
59859,Ilkay,Gündogan,Gündogan,819b3158
59940,Kyle,Bartley,Bartley,18e96f64
59949,Seamus,Coleman,Coleman,0420d84f
59966,Alexandre,Lacazette,Lacazette,9dbb75ca
60025,James,Rodríguez,James,715bf047
60165,Wahbi,Khazri,Khazri,2677a1de
60232,Craig,Dawson,Dawson,3e9e06cb
60252,Andros,Townsend,Townsend,b28bbd58
60270,Simone,Zaza,Zaza,9592289a
60307,Pascal,Groß,Groß,8aec0537
60551,Ashley,Westwood,Westwood,495945ef
60586,Johann Berg,Gudmundsson,Gudmundsson,f72293fc
60598,Aleksandar,Dragovic,Dragovic,6fd8a334
60689,Chris,Wood,Wood,4e9a0555
60706,Adrián,San Miguel del Castillo,Adrián,f76e6b4e
60772,Thibaut,Courtois,Courtois,1840e36d
60794,Adam,Matthews,Matthews,d8bffa70
60914,Joel,Matip,Matip,b217ef29
61256,Carlos Henrique,Casimiro,Casemiro,4d224fe8
61262,Oscar,dos Santos Emboaba Junior,Oscar,57fe98dd
61302,Ryan,Allsop,Allsop,af615123
61316,Jose Luis,Mato Sanmartín,Joselu,6265208f
61366,Kevin,De Bruyne,De Bruyne,e46012d4
61538,Callum,McManaman,McManaman,1a5dbcc2
61548,Manolo,Gabbiadini,Gabbiadini,8f866fe8
61558,Thiago,Alcántara do Nascimento,Thiago,77e84962
61566,Roberto,Pereyra,Pereyra,75f2c59f
61595,Marc,Muniesa,Muniesa,4db76f57
61600,Romaine,Sawyers,Sawyers,77bb1522
61603,Daniel,Drinkwater,Drinkwater,2649ff32
61604,Matty,James,James,ebd0a048
61739,Maxime,Le Marchand,Le Marchand,321a71a7
61760,Kristoffer,Nordfeldt,Nordfeldt,78549904
61810,Pontus,Jansson,Jansson,172e52d8
61858,Mame Biram,Diouf,Diouf,7f4f3e49
61916,Stefan,Johansen,Johansen,a48da055
61933,Shane,Duffy,Duffy,7314bba4
62398,Nemanja,Matic,Matic,eb7822d7
62399,Dusan,Tadic,Tadic,2475dcc6
62974,Erik,Lamela,Lamela,abe66106
63370,James,McClean,McClean,53538b39
63426,Enda,Stevens,Stevens,17d4507a
66242,Davy,Pröpper,Pröpper,fdd85f94
66247,Marvin,Zeegelaar,Zeegelaar,8abd0c03
66588,Luke,Ayling,Ayling,420d7c7d
66733,Juan,Cuadrado,Cuadrado,0ab1f153
66749,Romelu,Lukaku,Lukaku,5eae500a
66797,Simon,Mignolet,Mignolet,d436eb94
66838,Cenk,Tosun,Tosun,9a104dee
66842,André,Schürrle,Schürrle,ecbb3fdf
66975,Luka,Milivojevic,Milivojevic,2ce2508a
67089,Martin,Dubravka,Dubravka,3a949a25
67184,Roderick Jefferson,Gonçalves Miranda,Miranda,390ab439
67527,Allan-Roméo,Nyom,Nyom,97572117
68312,Xherdan,Shaqiri,Shaqiri,6421ec64
68983,Matthew,Lowton,Lowton,9a9c05db
69140,Shkodran,Mustafi,Mustafi,3f2d59fe
69143,Juraj,Kucka,Kucka,5aaef9ef
69752,Norberto,Murara Neto,Neto,a9dc785c
69960,Philipp,Wollscheid,Wollscheid,c4cca587
71738,Marco,Stiepermann,Stiepermann,b606638c
72222,Mateusz,Klich,Klich,282679b4
72681,Denis,Odoi,Odoi,f7750aa0
73314,Willian José,Da Silva,Willian José,d87e2cae
73426,Andre,Gray,Gray,c24dba2a
73459,Ashley Darel Jazz,Richards,Jazz Richards,afef14da
73494,Grzegorz,Krychowiak,Krychowiak,580d52dd
73889,Diafra,Sakho,Sakho,57c433c8
74033,Sam,Clucas,Clucas,987718f5
74208,Paul,Pogba,Pogba,867239d3
74230,Patrick,van Aanholt,van Aanholt,5f09991f
74297,Leandro,Bacuna,Bacuna,9dc69d38
74375,Ezequiel,Schelotto,Schelotto,a6e316c1
74471,Aaron,Mooy,Mooy,47b7e3af
74854,Simon,Moore,Moore,e7434f04
74944,Sam,Morsy,Morsy,a23c0949
75115,Callum,Wilson,Wilson,c596fcb0
75773,Chung-yong,Lee,Lee Chung-yong,49b05a83
75826,Danny,Ward,Ward,cfb29823
75880,Daniel,Ayala,Ayala,302560a0
76306,Lukas,Rupp,Rupp,3faa1780
76357,Tom,Cairney,Cairney,a8748947
76359,Phil,Jones,Jones,def899bd
76360,Nathaniel,Mendez-Laing,Mendez-Laing,b4b2f632
76542,Sung-yueng,Ki,Ki Sung-yueng,1d8c99b0
77359,Florian,Lejeune,Lejeune,6eaed4eb
77454,Fabio,Borini,Borini,ef5b337e
77610,Danny,Batth,Batth,f1d0fa63
77760,Cristian,Gamboa,Gamboa,f27680d9
77762,Bryan,Oviedo,Oviedo,31faf295
77777,Ahmed El-Sayed,Hegazy,Hegazi,5540c9dc
77794,Kieran,Trippier,Trippier,21512407
77818,James,Shea,Shea,ee7c0a5e
78007,Joshua,King,King,43458538
78056,Oriol,Romeu Vidal,Romeu,4b511457
78091,Gastón,Ramírez,Ramírez,2c851997
78315,Joel,Robles,Robles,cda0b317
78356,Charlie,Austin,Austin,8d228291
78412,Shinji,Okazaki,Okazaki,68796d61
78607,Kenny,McLean,McLean,471f16b3
78830,Harry,Kane,Kane,21a66f6a
78911,Kadeem,Harris,Harris,24396398
78916,Dan,Burn,Burn,b2d31e83
79228,Pape,Souaré,Souaré,46b5375e
79602,Daniel,Bentley,Bentley,68db6358
79619,Jonathan,Hogg,Hogg,9306d5ea
79733,Scott,Malone,Malone,f15a50e8
79852,Jed,Steer,Steer,a8a3d139
79934,Oliver,Norwood,Norwood,43439614
80146,Jordan,Ayew,J.Ayew,da052c14
80179,Adam,Forshaw,Forshaw,9f1938ab
80183,Luke,Garbutt,Garbutt,41017ad5
80201,Bernd,Leno,Leno,2628fd2b
80226,Serge,Aurier,Aurier,5c2b4f07
80254,Carl,Jenkinson,Jenkinson,874125a3
80447,Maya,Yoshida,Yoshida,caffaf5a
80498,Eunan,O'Kane,O'Kane,b7f8b1fc
80607,Christian,Eriksen,Eriksen,980522ec
80711,Yaya,Sanogo,Sanogo,11ced928
80755,Danny,Williams,Williams,ec9a28ce
80788,Daniel,Lafferty,Lafferty,cfc41f7a
80789,Jordi,Amat,Amat,d70a2141
80792,Greg,Cunninghamm,Cunningham,dc10b26c
80801,Idrissa,Gueye,Gueye,72c812f3
80935,Papy,Djilobodji,Djilobodji,083525e5
80954,Rodrigo,Moreno,Rodrigo,1fb1c435
81012,Ryan,Fredericks,Fredericks,c067631c
81048,Josip,Drmic,Drmic,15ea94de
81061,Michael,Simões Domingues,Mika,d74a54d1
81183,Matej,Vydra,Vydra,0d4ceb32
81205,Mislav,Orsic,Orsic,ee950928
81441,Mark,Gillespie,Gillespie,e32958b7
81880,Alex,Oxlade-Chamberlain,Chamberlain,38c7feef
82078,Kenneth,Zohore,Zohore,5e508d0d
82143,Wes,Foderingham,Foderingham,96cf7b61
82257,Raphael,Spiegel,Spiegel,050b9803
82263,Marcos,Alonso,Alonso,f4290206
82403,Wilfried,Zaha,Zaha,b2bc3b1f
82428,Marten,de Roon,de Roon,2a1beb34
82514,Tim,Ream,Ream,28b40c9c
82660,Marco,Van Ginkel,Van Ginkel,47681787
82691,George,Baldock,Baldock,394854c4
82738,Luke,Berry,Berry,2aaadf33
82771,Markus,Henriksen,Henriksen,26acecd2
83091,Borja,González Tomás,Bastón,8c44e37b
83283,Nathan,Redmond,Redmond,ab651565
83299,Lewis,Dunk,Dunk,282f75f3
83312,Ben,Gibson,Gibson,bcfb0142
83314,Jeff,Hendrick,Hendrick,989d5705
83427,Jack,Robinson,Jack Robinson,7399c7a8
83428,Grant,Hanley,Hanley,e9254eec
83543,Anthony,Knockaert,Knockaert,6c679c6d
84112,Collin,Quaner,Quaner,19b8b0b9
84182,Alphonse,Areola,Areola,2f965a72
84384,Timm,Klose,Klose,5f1d07f6
84395,Florin,Gardos,Gardos,70eb7e9d
84450,Granit,Xhaka,Xhaka,e61b8aee
84583,Philippe,Coutinho Correia,Coutinho,0ef89a37
84915,Michael,Hector,Hector,5f1a2f31
84939,Danny,Ings,Ings,07802f7f
85017,Tendayi,Darikwa,Darikwa,beecc37c
85128,Connor,Goldson,Goldson,56f6f826
85242,Conor,Hourihane,Hourihane,fcab00a0
85352,Bruno,Martins Indi,Martins Indi,7bc34048
85368,Christopher,Schindler,Schindler,8ae9869d
85624,Christian,Kabasele,Kabasele,914ab9a1
85633,Matz,Sels,Sels,834b5c4c
85654,Jordy,Clasie,Clasie,31c01b85
85955,Jorge Luiz,Frello Filho,Jorginho,45db685d
85971,Son,Heung-min,Son,92e7e919
86129,Kalidou,Koulibaly,Koulibaly,da974c7b
86153,Martín,Montoya,Montoya,5cec2487
86173,Manuel,Agudo Durán,Nolito,b2d0ec1b
86176,Tom,Ince,Ince,67d23ab0
86417,Jeffrey,Schlupp,Schlupp,3312f911
86431,Brice,Dja Djédjé,Dja Djédjé,d8593687
86881,Nampalys,Mendy,Mendy,1598599e
86934,Manuel,Lanzini,Lanzini,26f6dca8
87107,Cyrus,Christie,Christie,7eb67dad
87121,Kieron,Freeman,Freeman,c13c24c8
87396,Moritz,Leitner,Leitner,9460aaed
87428,Elias,Kachunga,Kachunga,5bddccc9
87447,Muhamed,Bešić,Bešić,7ca9f0f0
87835,Matt,Doherty,Doherty,d557d734
87856,Michael,Hefele,Hefele,91bdc54a
87873,Stuart,Dallas,Dallas,67ca8566
88170,Jiri,Skalak,Skalak,beaec218
88175,Lovre,Kalinic,Kalinic,3a74f92b
88248,Stefan,Ortega Moreno,Ortega,c1242d4e
88482,Álvaro,Morata,Morata,129af0db
88484,Pablo,Sarabia,Sarabia,9744ff80
88498,Benik,Afobe,Afobe,b63f4077
88734,Neil,Etheridge,Etheridge,2642bf6c
88894,Ross,Barkley,Barkley,3a24769f
88898,Moses,Odubajo,Odubajo,761bc132
88900,Jack,Stephens,Stephens,6adbc307
88935,Steven,Berghuis,Berghuis,713c144a
89068,Layvin,Kurzawa,Kurzawa,41e7ef1c
89076,Remo,Freuler,Freuler,98d2c2c4
89085,Nathaniel,Chalobah,Chalobah,422862ea
89274,José Ignacio,Peleteiro Romallo,Jota,9f351459
89335,Saúl,Ñíguez,Saúl,c14bc029
89470,Onel,Hernández,Hernández,007b39a5
89572,Denis,Suárez,Suárez,12c50af5
90105,Ryan,Fraser,Fraser,d56543a0
90152,Raphaël,Varane,Varane,9f8e9423
90263,James,Husband,Husband,33e2d513
90440,Tom,Trybull,Trybull,552aa16c
90517,Robbie,Brady,Brady,96bb8cc2
90518,Ravel,Morrison,Morrison,bf59c794
90585,Willy,Boly,Boly,a4ac4b8f
90714,Ahmed,Musa,Musa,b7084daf
91046,Cauley,Woodrow,Woodrow,d3085b49
91047,Stuart,Armstrong,S.Armstrong,97333cf5
91126,Will,Keane,Keane,fc7f8f87
91651,Mateo,Kovacic,Kovacic,79c0821a
91972,Saido,Berahino,Berahino,25b166d0
91979,Jon,Flanagan,Flanagan,f2428fd4
92159,Jetro,Willems,Willems,9050ddc4
92170,Massadio,Haidara,Haidara,5167c97e
92217,Roberto,Firmino,Firmino,4c370d81
92259,Neeskens,Kebano,Kebano,18b999f4
92293,Omar,Elabdellaoui,Elabdellaoui,4f56170e
92371,Pablo,Marí Villar,Pablo Marí,aa54ec6f
92383,Nahki,Wells,Wells,b070482d
93001,Konstantinos,Stafylidis,Stafylidis,861e0116
93100,Jannik,Vestergaard,Vestergaard,1900032e
93127,Jesé,Rodríguez Ruiz,Jesé,4a537185
93264,Eric,Dier,Dier,ac861941
93284,Florin,Andone,Andone,dc008610
93464,Tom,Carroll,Carroll,5a1900a4
94147,Conor,Coady,Coady,2928dca2
94245,Michy,Batshuayi,Batshuayi,2973d8ff
94248,Sergio,Rico,Rico,5f0241b2
94924,Gerard,Deulofeu,Deulofeu,39583cfd
94926,Olayinka Fredrick Oladotun,Ladapo,Ladapo,da2b8db3
95463,Danny,Ward,Ward,d3ce0e89
95508,Fredrik,Ulvestad,Ulvestad,8f160d73
95658,Harry,Maguire,Maguire,d8931174
95715,Lucas,Rodrigues Moura da Silva,Lucas Moura,2b622f01
96305,Jay,Fulton,Fulton,434ad289
96306,Stephen,Kingsley,Kingsley,488cc9c7
96764,M'Baye,Niang,Niang,2054d037
96767,Dimitri,Foulquier,Foulquier,45e17712
96778,Adam,Reach,Reach,33a2d4dc
96784,Jordan,Clark,Clark,7c5fa6cf
96787,Mohamed,Elyounoussi,Elyounoussi,68dc0dac
96994,Bobby,De Cordova-Reid,De Cordova-Reid,0f7533cd
97032,Virgil,van Dijk,Van Dijk,e06683ca
97296,Tommie,Hoban,Hoban,45045170
97299,John,Stones,Stones,5eecec3d
97485,Kevin,Wimmer,Wimmer,faf55ce4
97615,Mike,van der Hoorn,van der Hoorn,25f50295
98745,Héctor,Bellerín,Bellerín,f874dd44
98747,Nick,Pope,Pope,4b40d9ca
98770,Ørjan,Nyland,Nyland,bdedffac
98780,Juan Carlos,Paredes,Paredes,5d8c6afd
98914,Guido,Carrillo,Carrillo,8f898ba8
98980,Emiliano,Martínez Romero,Martínez,7956236f
99127,Joel,Campbell,Campbell,895ff3ca
99323,Lazar,Markovic,Markovic,723ba189
100059,Alberto,Moreno,Moreno,11b9265b
100180,Danilo Luiz,da Silva,Danilo,94b2001f
100412,André,Carrillo,Carrillo,7527558b
100649,Bernard,Anício Caldeira Duarte,Bernard,ab4b3e35
101061,Philip,Heise,Heise,ef66b362
101105,Joe,Bryan,Bryan,af69e7f0
101148,Jamaal,Lascelles,Lascelles,450ab6fc
101178,James,Ward-Prowse,Ward-Prowse,3515d404
101179,Lloyd,Isgrove,Isgrove,430696d5
101184,Calum,Chambers,Chambers,dc6f5bdd
101188,Lucas,Digne,Digne,1b84dbe1
101338,Marcel,Sabitzer,Sabitzer,e280527c
101394,Okay,Yokuslu,Yokuslu,e49ce451
101537,Felipe Anderson,Pereira Gomes,Felipe Anderson,9f1893b9
101582,Frederico,Rodrigues de Paula Santos,Fred,b853e0ad
101668,Jamie,Vardy,Vardy,45963054
101982,Sam,Johnstone,Johnstone,9e5708be
102057,Raúl,Jiménez,Jiménez,b561db50
102366,Moritz,Bauer,Bauer,cfe6238d
102380,Antonio,Rüdiger,Rüdiger,18b896d6
102549,Adam,Davies,A.Davies,71894777
102738,Giannelli,Imbula,Imbula,b86fe156
102747,Djibril,Sidibé,Sidibé,4c5b714f
102826,Benjamin,Mendy,Mendy,5271c8f1
102836,Brice,Samba,Samba,60d90c55
102884,Paulo,Gazzaniga Farias,Gazzaniga,63d17038
103025,Riyad,Mahrez,Mahrez,892d5bb1
103100,Jonathan,Williams,Williams,49b8432c
103123,Sébastien,Haller,Haller,ba115a40
103127,Molla,Wagué,Wagué,a440d8ca
103192,Kurt,Zouma,Zouma,ce4246f5
103912,Jordon,Ibe,Ibe,9f736ed2
103914,Charlie,Taylor,Taylor,cc2d7ad5
103955,Raheem,Sterling,Sterling,b400bde0
104047,Pelly Ruddock,Mpanzu,Mpanzu,a9b1c319
104073,Joe,Ralls,Ralls,3730fcbc
104535,Harry,Bunn,Bunn,c8d840f0
104542,Loris,Karius,Karius,32e7ce92
104545,Tommy,Smith,Smith,e9208654
104547,Dwight,Gayle,Gayle,e58a03c6
104953,Christian,Atsu,Atsu,8816329f
105377,Ezgjan,Alioski,Alioski,1a7fcf39
105666,Jack,Butland,Butland,cc70a1d5
105700,Davide,Zappacosta,Zappacosta,7fe90ccd
105717,Arthur,Masuaku,Masuaku,57df7a11
106449,Kevin,Stewart,Stewart,ff674795
106450,Alex,Pritchard,Pritchard,ff9fcd4d
106468,Alexandre,Moreno Lopera,Álex Moreno,16e9d0ea
106603,Ezekiel,Fryers,Fryers,f58d6213
106606,Massimo,Luongo,Luongo,967ac6e1
106611,Michael,Keane,Keane,c5b7c315
106617,Patrick,Bamford,Bamford,93feac6e
106618,Paul,Dummett,Dummett,3fe6bd8c
106757,Jürgen,Locadia,Locadia,6cc47ae1
106760,Luke,Shaw,Shaw,9c94165b
106824,Memphis,Depay,Depay,8f696594
106837,Dennis,Praet,Praet,86695068
106899,Roque,Mesa,Mesa,7c4243d4
107265,Angus,Gunn,Gunn,e082af5b
107613,Romain,Saïss,Saïss,9fbbcf39
108053,Conor,Townsend,Townsend,4dc4f138
108093,Luciano,Vietto,Vietto,2513a588
108156,Björn,Engels,Engels,4fdf1fd9
108411,Dan,Potts,Potts,3595affe
108413,Will,Hughes,Hughes,a0666d3e
108416,John,Egan,Egan,debe38a0
108438,Sandro,Ramírez,Sandro,833fb62e
108796,Tom,Lockyer,Lockyer,37118440
108813,Christian,Walton,Walton,c666574f
108823,Dele,Alli,Dele,cea4ee8f
108824,Brendan,Galloway,Galloway,321506b3
109065,Davy,Klaassen,Klaassen,15fd5593
109322,Jesse,Lingard,Lingard,810e3c74
109345,Solly,March,March,bb5fbd2b
109434,Terence,Kongolo,Kongolo,1f9a3a04
109528,Javier,Manquillo Gaitán,Manquillo,758dd7f0
109533,Emerson,Palmieri dos Santos,Emerson,e0bc6fdc
109638,Kean,Bryan,Bryan,c684d3c9
109646,Tosin,Adarabioyo,Tosin,c81d773d
109745,Kepa,Arrizabalaga,Arrizabalaga,28d596a0
109788,João Mário,Naval Costa Eduardo,João Mário,f0021247
109999,Ibrahima,Cissé,Cissé,be4fede9
110504,Bertrand,Traoré,Traoré,c47541e0
110735,Adam,Webster,Webster,c40b6180
110979,Sadio,Mané,Mané,c691bfe2
111234,Jordan,Pickford,Pickford,4806ec67
111291,Fernando,Marçal,Marçal,9ae9eaea
111317,David,Brooks,Brooks,dc4cae05
111452,Odysseas,Vlachodimos,Odysseas,03df04ff
111457,Sead,Kolasinac,Kolasinac,3935e52e
111478,Joël,Veltman,Veltman,dad4b285
111773,Emil,Krafth,Krafth,77cf6852
111782,Robin,Olsen,Olsen,e7ee38c3
111787,Modou,Barrow,Barrow,75783f5f
111847,Adama,Diomande,Diomande,336dbcb2
111931,Ricardo,Barbosa Pereira,Ricardo,75a72a99
112139,James,Wilson,Wilson,b0d786ee
112316,Jakob,Haugaard,Haugaard,142741bb
112338,Emre,Can,Can,a65ce836
112507,Jack,Rose,Rose,eb338814
112516,Isaiah,Brown,Brown,bf54c8cc
112520,Alex,Palmer,Palmer,6ea97fd5
113534,Matt,Macey,Macey,136e7649
113564,Sam,Byram,Byram,1bf811d4
113688,Oumar,Niasse,Niasse,af721f98
114000,George,Honeyman,Honeyman,84afeaff
114054,Omar,Bogle,Bogle,c334bcfc
114093,Matthew,Pennington,Pennington,0ff967f7
114128,Jonathan,Castro Otto,Jonny,e28868f3
114241,Harry,Toffolo,Toffolo,a105d46a
114243,Jacob,Murphy,Murphy,de112b84
114245,Josh,Murphy,Murphy,b30c7426
114283,Jack,Grealish,Grealish,b0b4fd3e
114536,Ryan,Inniss,Inniss,600ae8cb
115357,Mouez,Hassen,Hassen,fd481f3f
115382,Neal,Maupay,Maupay,4bcf39f6
115556,Ben,Davies,Davies,44781702
115854,Duncan,Watmore,Watmore,2b2bae51
115858,Rachid,Ghezzal,Ghezzal,dc3a9a0d
115918,Rúnar Alex,Rúnarsson,Rúnarsson,8fa8f8d2
116216,Leandro,Trossard,Trossard,38ceb24a
116404,Felipe Augusto,de Almeida Monteiro,Felipe,51a3c4c8
116535,Alisson,Ramses Becker,Alisson,7a2e46a8
116543,Valentino,Lazaro,Lazaro,016ff750
116594,N'Golo,Kanté,Kanté,b9fbae28
116643,Fabio Henrique,Tavares,Fabinho,7f3b388c
118335,Abdul Rahman,Baba,Baba Rahman,e4086af3
118342,Mark,Flekken,Flekken,a92ab7be
118748,Mohamed,Salah,Salah,e342ad68
118884,Erik,Durm,Durm,cf623c78
119471,Fabian,Schär,Schär,c8aa95da
119765,Allan,Marques Loureiro,Allan,cc700722
120202,Wout,Weghorst,Weghorst,c4e87b8b
120250,André,Tavares Gomes,André Gomes,1961b2aa
120447,Bradley,Smith,Brad Smith,c76c717c
120721,Kevin,Mbabu,Mbabu,493924a7
121145,João,Cancelo,Cancelo,bd6351cd
121160,Ederson,Santana de Moraes,Ederson,3bb7b8b4
121221,Ramiro,Funes Mori,Funes Mori,89cbc961
121570,Julian,Jeanvier,Jeanvier,5cb215fc
121599,Abdoulaye,Doucouré,A.Doucouré,02b29014
122074,Marcus,Bettinelli,Bettinelli,0d85a4e8
122342,Emerson,Hyndman,Hyndman,3be1a627
122411,Cameron,Burgess,Burgess,da61ca98
122775,Morgan,Sanson,Sanson,6e7f1353
122797,Callum,Paterson,Paterson,d2583bce
122798,Andrew,Robertson,Robertson,2e4f5f03
122806,John,McGinn,McGinn,90f91999
123125,Viktor,Fischer,Fischer,b5920350
123354,Kortney,Hause,Hause,bf8fad51
124165,Patrick,Roberts,Roberts,59d93937
124183,Hakim,Ziyech,Ziyech,6622454d
126184,Nathan,Aké,Aké,eaeca114
126187,Ruben,Loftus-Cheek,Loftus-Cheek,e97fd090
126407,Nabil,Bentaleb,Bentaleb,3189f61a
126468,Tokelo,Rantie,Rantie,7ef25942
128198,Sofiane,Boufal,Boufal,b0c71810
128295,Christian,Nørgaard,Nørgaard,df0a4c90
128309,Jamal,Lowe,Lowe,b2856bc0
128340,Kieffer,Moore,Moore,01ce9e70
128348,Ibrahim,Amadou,Amadou,9260926b
128389,Aleksandar,Mitrović,Mitrović,3925dbd6
130025,Luis,Hernández,Hernández,02d2c436
130036,Ozan,Tufan,Tufan,17d45fb2
130103,Hiram,Boateng,Boateng,929917ce
131304,William,Troost-Ekong,Troost-Ekong,7ed4921e
131403,Rhys,Healey,Healey,07ace8c3
131897,Mathew,Ryan,Ryan,4535e4bb
132015,Pierre-Emile,Højbjerg,Højbjerg,8b04d6c1
133085,Lawrence,Vigouroux,Vigouroux,a949d040
133798,Serge,Gnabry,Gnabry,88e357ef
133801,Jerome,Sinclair,Sinclair,1695c659
133845,Emiliano,Marcondes,Marcondes,4d960fc3
134383,Connor,Randall,Randall,412e1445
135363,Andreas,Christensen,Christensen,1cb49278
135365,Jeremie,Boga,Boga,fe012aca
135720,Kevin,Danso,Danso,6e33125f
138001,Tom,King,King,5791b997
138009,Sullay,Kaikai,Kaikai,fc166e49
139110,Ondrej,Duda,Duda,79ca3e23
140200,Thomas,Strakosha,Strakosha,339fe0e8
140941,Stipe,Perica,Perica,269b4638
141020,Max,Meyer,Meyer,eba42d2b
141569,Léo,Bonatini,Bonatini,da23d58d
141746,Bruno,Borges Fernandes,Fernandes,507c7bdf
141921,Oluwaseyi,Ojo,Sheyi Ojo,7b9a86e6
143877,Alexander,Sørloth,Sørloth,e92cd3f7
144485,Ivan,Toney,Toney,e09f279b
144660,Didier,Ndong,Ndong,885b7aa7
145212,Clinton,N'Jie,N'Jie,77f278a0
145235,José Ángel,Esmorís Tasende,Angeliño,30941e96
146426,Oluwasemilogo Adesewo Ibidapo,Ajayi,Ajayi,d6192210
146610,Jack,O'Connell,O'Connell,312626c1
146941,Aymeric,Laporte,Laporte,119b9a8e
147303,Laurent,Depoitre,Depoitre,aa5859cb
147611,Paul,Onuachu,Onuachu,c06d1086
147612,Richairo,Zivkovic,Zivkovic,d2d74d9c
147668,Cameron,Brannagan,Brannagan,9220e731
147675,Chuba,Akpom,Akpom,e2b384d2
148179,Enner,Valencia,Valencia,fb485406
148225,Anthony,Martial,Martial,8b788c01
148508,Mahmoud Ahmed,Ibrahim Hassan,Trézéguet,3ae14ed1
149016,Lynden,Gooch,Gooch,1ea00b03
149051,Ethan,Robson,Ethan Robson,961a5164
149065,José,Malheiro de Sá,Sá,903b6e8b
149266,Alfie,Mawson,Mawson,d368feb8
149468,Tyias,Browning,Browning,c4e180f0
149484,Tyrone,Mings,Mings,8397a50c
149519,Maxwel,Cornet,Cornet,beb391dd
149736,Chancel,Mbemba,Mbemba,e76cb9cc
149828,Islam,Slimani,Slimani,ffec9769
149915,Diego,Llorente,Llorente,bba30585
149929,Wes,Burns,Burns,b3fe23c6
151086,Mario,Lemina,Lemina,2b471f99
151119,DeAndre,Yedlin,Yedlin,ae0a7ddf
151589,Leander,Dendoncker,Dendoncker,5a7301ae
152015,Guillermo,Varela,Varela,5c961282
152551,Jefferson,Lerma Solís,Lerma,9b5ce51a
152590,Alex,Telles,Telles,e73c9bb2
152760,Divock,Origi,Origi,43a166b4
152898,Ben,Davies,Davies,c9009a1f
153127,Isaac,Hayden,Hayden,c951a6df
153133,Alex,Iwobi,Iwobi,6ca5ec4b
153256,Mohamed,Elneny,Elneny,47a34c4f
153366,Harrison,Reed,Reed,803ae100
153371,Sam,Gallagher,Gallagher,44361ade
153373,Sam,McQueen,McQueen,b27b49b4
153379,Josh,Sims,Sims,6d6f09dc
153477,Conor,Masterson,Masterson,db975607
153601,Carlos,De Pena,De Pena,6b915aa1
153673,Jonjoe,Kenny,Kenny,099e666f
153678,Chris,Long,Long,52c8b203
153682,Harry,Wilson,Wilson,c6dc9ecd
153723,John,Lundstram,Lundstram,0df2b165
153772,Luke,McGee,McGee,bfa6049d
154043,Ainsley,Maitland-Niles,Maitland-Niles,e3a5814e
154048,Stephy,Mavididi,Mavididi,30144daa
154050,Olufela,Olomola,Olomola,313ba4ae
154051,Oviemuno,Ejaria,Ejaria,a801669e
154131,Jack,Stacey,Stacey,558807c0
154138,Tariqe,Fosu-Henry,Fosu,3dcef539
154296,João,Palhinha Gonçalves,Palhinha,a78ff07f
154506,Daniel,Bachmann,Bachmann,1c0eea98
154558,Thomas,Robson,Thomas Robson,a18298ff
154559,Michael,Ledger,Ledger,a3354171
154561,David,Raya Martin,Raya,98ea5115
154566,Dominic,Solanke,Solanke,e77dc3b2
154976,Adnan,Januzaj,Januzaj,4737cebe
154998,Takuma,Asano,Asano,13ddc856
155197,Max,Lowe,Lowe,7af88b33
155405,Kalvin,Phillips,Phillips,4f565d77
155408,Lewis,Cook,Cook,2afc7272
155503,Freddie,Woodman,Woodman,19e50035
155509,Greg,Olley,Olley,784b9507
155511,Adam,Armstrong,A.Armstrong,68c720b5
155513,Rolando,Aarons,Aarons,c5942695
155529,Marek,Rodák,Rodák,17acc2ed
155561,Ludwig,Augustinsson,Augustinsson,9fec8860
155569,Daniel,Amartey,Amartey,1a4ef233
155651,Adam,Masina,Masina,de0f152c
155706,Dionatan do Nascimento,Teixeira,Teixeira,f7f09bee
155851,Lucas,Pérez,Lucas,a300ac7e
156069,Liam,Gibson,Gibson,b51f8aee
156074,Rob,Holding,Holding,d79a8c87
156658,Reece,Burke,Burke,a681b7b7
156660,Moses,Makasi,Makasi,4ae7add0
156683,Pierluigi,Gollini,Gollini,f0f7f62f
156685,Joe,Rothwell,Rothwell,10a10454
156686,James,Weir,Weir,c8d651c1
156687,Ben,Pearson,Pearson,a6b461e7
156689,Andreas,Hoelgebaum Pereira,Andreas,6639e500
156690,Joshua,Harrop,Harrop,00e1cf8f
156700,Carlton,Morris,Morris,2da834f1
157665,Filip,Lesniak,Lesniak,5348fe7c
157668,Harry,Winks,Winks,2f7acede
157775,Ken,Sema,Sema,1770bd68
157882,Takumi,Minamino,Minamino,f833a830
158074,Gabriel Armando,de Abreu,Gabriel,b7ca5c51
158499,Ryan,Christie,Christie,26ce2263
158534,Kyle,Walker-Peters,Walker-Peters,984a5a64
158544,Jake,Hesketh,Hesketh,4c83c9f8
158983,Wataru,Endo,Endo,c149016b
159039,Antonio,Barreca,Barreca,6a189491
159506,Ola,Aina,Aina,246d153b
159533,Adama,Traoré Diarra,Adama,9a28eba4
160190,Kasey,Palmer,Palmer,453f566a
160729,Jason,Denayer,Denayer,47af88b8
160816,Donald,Love,Love,160599ed
160817,Patrick,McNair,McNair,8ac454b5
160987,Jean-Philippe,Gbamin,Gbamin,6bd603db
162344,Philip,Zinckernagel,Zinckernagel,a5ea254c
162651,Samir,Caetano de Souza Santos,Samir,92b4758e
163463,Papa Alioune,Ndiaye,Badou Ndiaye,960acc0a
163526,Edimilson,Fernandes,Fernandes,3bb625ac
163776,Erdal,Rakip,Rakip,e150254d
163793,Matt,Miazga,Miazga,9fc0f253
164011,Mbaye,Diagne,Diagne,dda3969e
164484,Zack,Steffen,Steffen,42130443
164511,Yerry,Mina,Mina,6d5701f2
164555,Vladimir,Coufal,Coufal,fdf3cb77
165152,Glen,Rea,Rea,5c3f2f39
165153,Timo,Werner,Werner,49fe9070
165183,Amari'i,Bell,Bell,399e9474
165210,Alireza,Jahanbakhsh,Jahanbakhsh,08452314
165659,Diego Carlos,Santos Silva,Diego Carlos,b4a014b1
165808,Hélder Wander,Sousa de Azevedo e Costa,Costa,f13d02a6
165809,Bernardo,Veiga de Carvalho e Silva,Bernardo,3eb22ec9
165911,Bartosz,Kapustka,Kapustka,7364c4d1
165990,Vincent,Janssen,Janssen,31dce0c8
166324,Ivan,Neves Abreu Cavaleiro,Cavaleiro,979b811d
166325,Carlos,Ribeiro Dias,Cafú,85322440
166477,Timothy,Castagne,Castagne,197640fd
166640,Fabián,Balbuena,Balbuena,3626f7d9
166989,Youri,Tielemans,Tielemans,56f7a928
167074,Kenny,Tete,Tete,77d7c96f
167075,Wesley,Hoedt,Hoedt,875898c7
167191,Marcus,Myers-Harness,Harness,90e9ca3d
167199,Thomas,Partey,Partey,529f49ab
167473,José,Izquierdo,Izquierdo,ca2bc3df
167522,Jordan,Hugill,Hugill,a36d4785
167541,Jack,Payne,Payne,edfbda18
167767,Robert Kenedy,Nunes do Nascimento,Kenedy,5eebbfdf
167789,Baily,Cargill,Cargill,6dbe8f69
167878,Ben,Osborn,Osborn,79bc4c45
167888,Joe,Lumley,Lumley,bdf3a08e
168035,Fred,Onyedinma,Onyedinma,387d06b2
168090,Mahmoud,Dahoud,Dahoud,db4ed67b
168172,Joe,Lolley,Lolley,c5f13182
168196,Joel Dinis,Castro Pereira,Joel Pereira,881e5db7
168281,Scott,McKenna,McKenna,4e5a4cbc
168287,Jonathan,Calleri,Calleri,6922f806
168290,Ignacio,Pussetto,Pussetto,62437b4f
168399,Will,Norris,Norris,c73ada83
168547,Ethan,Horvath,Horvath,3f65d5ce
168566,Georges-Kévin,Nkoudou,Nkoudou,76c131da
168580,Ayoze,Pérez,Pérez,819aa8e7
168636,Enes,Ünal,Enes Ünal,f8eca1b6
168717,Maksymilian,Stryjek,Stryjek,bfc2e586
168763,Cameron,Carter-Vickers,Carter-Vickers,88ced02c
168764,Luke,Amos,Amos,77128f7e
168765,Josh,Onomah,Onomah,6612cd8c
168977,Joel,Coleman,Coleman,b73e459a
168991,Philip,Billing,Billing,d328a254
169061,Dael,Fry,Fry,43e79bbc
169102,Tiemoué,Bakayoko,Bakayoko,59bf127b
169130,Joel,Taylor,Taylor,3a6e34b9
169141,Steve,Mounie,Mounie,19ba6c6d
169187,Trent,Alexander-Arnold,Alexander-Arnold,cd1acf9d
169359,Matt,Targett,Targett,e514ab62
169432,Oliver,McBurnie,McBurnie,78b8ac63
169527,Joe,Williams,Joe Williams,44c38f2e
169528,Antonee,Robinson,Robinson,289601e6
169535,Julien,de Sart,de Sart,33332e0b
169593,Remi,Matthews,Matthews,27f4f772
169735,Noor,Husin,Husin,9035308b
169743,Connor,Mahoney,Mahoney,38df681f
170137,Allan,Saint-Maximin,Saint-Maximin,2b16cb1a
170154,Pablo,Maffeo,Maffeo,5db04597
170271,Jean Michaël,Seri,Seri,10efd0e1
170851,Josh,Robson,Josh Robson,e10308d3
171099,Hassane,Kamara,Kamara,19a12bed
171101,Clément,Lenglet,Lenglet,4f28a6ff
171129,Diego,Rico,Rico,d9ba39fc
171162,Charly,Musonda,Musonda,62a0089e
171270,Kieran,Dowell,Dowell,2f6ec02a
171273,Cameron,Borthwick-Jackson,Borthwick-Jackson,ff61102d
171277,Demetri,Mitchell,Mitchell,c286f3c2
171287,Joseph,Gomez,Gomez,7a11550b
171314,Rúben,Gato Alves Dias,Dias,31c69ef1
171317,Rúben,da Silva Neves,Neves,44bfb6c5
171319,Renato,Sanches,Sanches,032f894e
171771,Jan,Bednarek,Bednarek,4115ce4e
171975,Callum,Robinson,Callum Robinson,e75750a3
171982,Brian,Lenihan,Lenihan,7f1df59b
172246,Florent,Hadergjonaj,Hadergjonaj,9aa186b2
172551,Callum,Roberts,Roberts,8e9caf48
172567,Josh,Cullen,Cullen,f6d7d690
172632,Demarai,Gray,Gray,4468ec10
172649,Dean,Henderson,Henderson,e5a76dfe
172780,James,Maddison,Maddison,ee38d9c5
172782,Josh,Brownhill,Brownhill,47369df8
172841,Saïd,Benrahma,Benrahma,5a04fd92
172850,Ben,Chilwell,Chilwell,d2424d1b
172912,Sofyan,Amrabat,Amrabat,5a2cb25d
173268,Ivo,Grbic,Grbić,3f034750
173271,Duje,Caleta-Car,Caleta-Car,94f8d10c
173399,Mohamed,Dräger,Dräger,8954fddc
173514,Isaac,Success Ajayi,Success,f573a8bf
173515,Kelechi,Iheanacho,Iheanacho,c92e1a31
173792,Reece,Oxford,Oxford,8b6e0db2
173804,Layton,Ndukwu,Ndukwu,2219083d
173807,Tom,Davies,Davies,9228b07c
173809,Jonathan,Leko,Leko,76b5cbbd
173810,Darnell,Johnson,Johnson,8eaf6aea
173818,Nathan,Broadhead,Broadhead,43309491
173821,Tyler,Roberts,Roberts,6c17e046
173879,Tammy,Abraham,Abraham,f586779e
173904,Davinson,Sánchez,Sánchez,da7b447d
173954,Jairo,Riedewald,Riedewald,7a1f2c08
174248,George,Thomas,Thomas,7ef24097
174254,Pedro,Chirivella,Chirivella,68a26d51
174310,Elijah,Adebayo,Adebayo,0480ebc7
174590,Jacob,Maddox,Maddox,ff97076d
174593,Kyle,Edwards,Edwards,1566e437
174594,Lukas,Nmecha,Nmecha,0cc5f4a5
174595,Admiral,Muskwe,Muskwe,ee2b9a18
174597,Andre,Green,Green,6e287b7a
174874,Joachim,Andersen,Andersen,e34fc66d
174932,Sergi,Canós Tenés,Canós,1137759d
175351,Demeaco,Duhaney,Duhaney,5ef608f7
175353,Ayotomiwa,Dele-Bashiru,Dele-Bashiru,0666f848
175592,Naby,Keita,Keita,f25c8e3a
175941,Alfie,Whiteman,Whiteman,3f2587ee
175946,Víctor,Camarasa,Camarasa,b2d03887
176295,Matthew,Willock,Willock,7e4985b2
176296,Ashley,Fletcher,Fletcher,eeb6551f
176297,Marcus,Rashford,Rashford,a1d5bd30
176413,Christian,Pulisic,Pulisic,1bf33a9a
176414,Luca,De La Torre,De La Torre,e9241b40
176420,Darnell,Furlong,Furlong,3ec9195b
176706,Alfie,Jones,Jones,e5c107a1
177815,Dominic,Calvert-Lewin,Calvert-Lewin,59e6e5bf
178173,Matt,Clarke,Clarke,8ea2227a
178186,Jarrod,Bowen,Bowen,79c84d1c
178301,Ollie,Watkins,Watkins,aed3a70f
178304,Lys,Mousset,Mousset,d9cfca3d
178867,Antonio,Martinez Lopez,Martínez,f3945e07
178871,Aleix,García Serrano,García,a10361d2
178876,Jesús,Vallejo Lázaro,Vallejo,c2111b45
179018,Miguel,Almirón Rejala,Almirón,862a1c15
179261,Zachary,Dearnley,Dearnley,0484975a
179268,Marc,Cucurella Saseta,Cucurella,1daec722
179276,Mathias,Normann,Normann,8996350d
179456,Oskar,Buur,Buur,aa6f2f2c
179458,Jacob,Bruun Larsen,Bruun Larsen,4e204552
179519,Orel,Mangala,Mangala,a572e291
179587,Dennis,Srbeny,Srbeny,1fdec858
179596,Elliott,Moore,Moore,328bcff5
179620,Mamadou Obbi,Oularé,Oularé,9e49c320
179725,Carl,Stewart,Stewart,9e5c080a
179829,Josh,Pask,Pask,ccd1bb4d
179830,Grady,Diangana,Diangana,f522d7ec
180135,Sean,Longstaff,S.Longstaff,a2b105e0
180151,Nikola,Vlasic,Vlasic,aa8e289e
180184,Donny,van de Beek,Van de Beek,50dc94ce
180294,Karlan,Grant,Grant,87f7500e
180736,Trevoh,Chalobah,Chalobah,5515376c
180804,Axel,Tuanzebe,Tuanzebe,2baec6ce
180974,Joelinton Cássio,Apolinário de Lira,Joelinton,c17bfb65
181008,Albian,Ajeti,Ajeti,2b1c4abd
181284,Gonçalo Manuel,Ganchinho Guedes,Guedes,e6bc67d7
181397,Jamie,Sterry,Sterry,f13d0f83
181489,Alex,Pike,Pike,90a8927f
181911,Kyle,Scott,Scott,1c24aacf
182156,Leroy,Sané,Sané,2b114be3
182436,Ben,Woodburn,Woodburn,8aadeaef
182539,Daniel,Ceballos Fernández,Ceballos,c0617e2b
182960,Pau,López Sabata,Pau López,20b9f052
183015,Cedric,Kipre,Kipre,9f30e7ed
183487,Nathan,Holland,Holland,45ab2170
183656,Josh,Dasilva,Dasilva,60344e4f
183751,Manuel Benson,Hedilazio,Benson,d7f99582
184029,Martin,Ødegaard,Ødegaard,79300479
184193,Jordan,Smith,Smith,cfca9c4e
184254,Guglielmo,Vicario,Vicario,77d6fd4d
184259,Richard,Nartey,Nartey,de6cafb8
184341,Mason,Mount,Mount,9674002f
184349,Ryan,Sessegnon,R.Sessegnon,6aa3e78b
184386,James,Bree,Bree,c07b7c5c
184667,Victor,Lindelöf,Lindelöf,f5deef4c
184704,Marvelous,Nakamba,Nakamba,de5b5570
184754,Hwang,Hee-chan,Hwang,169fd162
185056,Mateusz,Hewelt,Hewelt,d8fc24c9
185253,Gustavo Henrique,Furtado Scarpa,Scarpa,2964fd20
185431,Ali,Gabr,Gabr,10331f88
185478,Jarosław,Jach,Jach,99246027
189627,Dimitris,Giannoulis,Giannoulis,112c495e
189776,Samuel,Bastien,Bastien,ec30b9c8
191769,Jonathan,Benteke,Jonathan Benteke,5c59bc47
191866,Kristoffer,Ajer,Ajer,a8c0acb7
192182,Kieran,O'Hara,O'Hara,80cbe60b
192290,Connor,Roberts,Roberts,24fae784
192301,Jon Gorenc,Stankovic,Stankovic,9c74fa25
192303,Christoph,Zimmermann,Zimmermann,2d5f03bf
192895,Kieran,Tierney,Tierney,fce2302c
193109,Callum,Slattery,Slattery,059948df
193111,Todd,Cantwell,Cantwell,f63d8a4b
193195,Allan,Campbell,Campbell,858409be
193204,Joe,Ayodele-Aribo,Aribo,328f7d51
193488,Anwar,El Ghazi,El Ghazi,ffa90327
193645,Robin,Koch,Koch,ea6bc03a
194010,Rico,Henry,Henry,8a3c1dc7
194126,Michael,Verrips,Verrips,424595d5
194164,Mason,Holgate,Holgate,d0042ab9
194190,Harry,Souttar,Souttar,0a6cb1b1
194252,Steven,Bergwijn,Bergwijn,a29b1131
194401,Adalberto,Peñaranda,Peñaranda,4b3f2936
194634,Diogo,Teixeira da Silva,Diogo Jota,178ae8f8
194794,Fikayo,Tomori,Tomori,7edfbb8a
194798,Bernard,Ashley-Seal,Ashley-Seal,4f187520
194799,Jamal,Lewis,Lewis,efb9215a
195064,Mace,Goodridge,Goodridge,6abefdff
195384,Mikel,Merino,Merino,d080ed5e
195471,Anthony,Driscoll-Glennon,Driscoll-Glennon,6a39bd42
195473,Rhian,Brewster,Brewster,30e81a88
195480,Josh,Maja,Maja,bc0bfc64
195546,Emiliano,Buendía Stati,Buendía,66b76d44
195728,Alex,Kral,Kral,e717705a
195735,Nicolas,Pépé,Pépé,57e3f0c7
195774,Gedson,Carvalho Fernandes,Fernandes,e2dde94c
195851,Scott,McTominay,McTominay,d93c2511
195855,Beni,Baningime,Baningime,ca9178af
195859,Marcus,Browne,Browne,7358a89a
195860,Joe,Powell,Powell,a0961a90
195864,Sam,Field,Field,bd8a7d05
195899,Gianluca,Scamacca,Scamacca,8790f988
196100,Gustavo,Hamer,Hamer,eebacc07
196118,Yoshinori,Muto,Muto,5343eb4e
196411,Conor,Chaplin,Chaplin,4ec55b87
197030,Aboubakar,Kamara,Kamara,4047c976
197365,Eric,Bailly,Bailly,a1232f4e
197464,Nathaniel,Phillips,Phillips,515ebe8d
197469,Hamza,Choudhury,Choudhury,7d2d3329
197937,Oliver,Burke,Burke,f631c17f
198044,Harry,Lewis,Lewis,c35e99d8
198501,Sead,Haksabanovic,Haksabanovic,d2fd7c14
198504,Kazaiah,Sterling,Sterling,230255f5
198826,Ben,Godfrey,Godfrey,9f7c837d
198842,Connor,Ronan,Ronan,1b804500
198847,Bright,Enobakhare,Enobakhare,dccefdd4
198849,Lucas,Torreira di Pascua,Torreira,52611641
198869,Benjamin,White,White,35e413f1
199056,Gabriel,Osho,Osho,cd889153
199170,Moussa,Niakhaté,Niakhaté,00242715
199249,Sergio,Reguilón,Reguilón,3353737a
199404,Tashan,Oakley-Boothe,Oakley-Boothe,d73892ac
199583,Dujon,Sterling,Sterling,54dd7308
199584,Japhet,Tanganga,Tanganga,e9971f2d
199598,Ethan,Ampadu,Ampadu,10b9fa99
199670,Odsonne,Edouard,Edouard,0562b7f1
199796,Matty,Cash,Cash,2389cdc2
199798,Ezri,Konsa Ngoyo,Konsa,0313a347
199806,Dion,Henry,Henry,156bb589
200088,Daniel,N'Lundulu,Nlundulu,30040f5d
200089,Joe,Willock,Willock,a3b03921
200370,Matt,Butcher,Butcher,b170cfa2
200402,Nélson,Cabral Semedo,Semedo,d04b94db
200428,Mateusz,Lis,Lis,fd78b105
200439,Che,Adams,Adams,f2bf1b0f
200455,Julien,Ngoy,Ngoy,87449a74
200600,Daniel,Castelo Podence,Podence,7fcc71d8
200617,Daniel,James,James,c931d9f9
200641,Reiss,Nelson,Nelson,c5bdb6e3
200720,Caoimhin,Kelleher,Kelleher,62d7ef38
200785,Tyler,Adams,Adams,2b09d998
200826,Giovani,Lo Celso,Lo Celso,d7553721
200878,Filip,Krovinovic,Krovinovic,c2dfedeb
200884,Tyrese,Campbell,Campbell,38aefb74
201057,Thilo,Kehrer,Kehrer,51dbeea9
201084,Timothy,Fosu-Mensah,Fosu-Mensah,a9142dc3
201410,Auston,Trusty,Trusty,cddf767b
201440,Hwang,Ui-jo,Ui-jo,a2d873dd
201595,Lucas,Perri,Perri,5dbd461a
201658,Marcus,Tavernier,Tavernier,5c0da4a4
201666,Harvey,Barnes,Barnes,3ea50f67
201667,Josh,Knight,Knight,5c0c30cc
202174,Greg,Luer,Luer,82865517
202641,André,Onana,Onana,e9c0c1b2
202993,Rodrigo,Bentancur,Bentancur,3b8674e6
203325,André-Frank,Zambo Anguissa,Anguissa,6bb2c084
203341,Wilfred,Ndidi,Ndidi,6b47c5db
203368,Frédéric,Guilbert,Guilbert,5d8d7454
203389,Nathan,Tella,Tella,f1e94cd6
204043,Arthur Henrique,Ramos de Oliveira Melo,Arthur,48b3dd60
204214,Pervis,Estupiñán,Estupiñán,d38fdf53
204216,Keshi,Anderson,Anderson,864a3eba
204380,Juninho,Bacuna,Bacuna,aaf1bf05
204454,Isaac,Mbenza,Mbenza,aa1a8c7e
204480,Declan,Rice,Rice,1c7012b8
204481,Tyreke,Johnson,Johnson,4701e130
204580,Vitaly,Janelt,Janelt,8449d35e
204642,Jay-Roy,Grot,Grot,9a8241af
204676,Andi,Zeqiri,Zeqiri,d01231f0
204716,Ibrahima,Konaté,Konaté,5ed9b537
204727,Malang,Sarr,Sarr,4315f30d
204760,Michael,Folivi,Folivi,a7b41270
204814,Ben,Brereton,Brereton Díaz,57827369
204819,Elliot,Embleton,Embleton,e8a427a3
204820,George,Marsh,Marsh,49deb548
204822,Omar,Richards,Richards,f9b1b7bf
204863,Ryan,Manning,Manning,847b53eb
204968,Ryan,Yates,Yates,c1fe2a48
205102,Ramadan,Sobhi,Sobhi,98be0d02
205135,Samuel,Shashoua,Shashoua,df855e4b
205533,Eddie,Nketiah,Nketiah,a53649b7
205651,Gabriel,Fernando de Jesus,Jesus,b66315ae
205836,Saman,Ghoddos,Ghoddos,f7b1d4e0
206325,Oleksandr,Zinchenko,Zinchenko,51cf8561
206882,Pontus,Dahlberg,Dahlberg,2475b06e
206915,Curtis,Jones,Jones,4fb9c88f
207189,Sander,Berge,Berge,d0b6129f
207270,Daniel,Iversen,Iversen,10d221cd
207283,Mathias,Jensen,Jensen,0f134faf
207300,Mihai-Alexandru,Dobre,Dobre,a1f3f5a0
207722,Jack,Walton,Walton,3df50652
207725,Daniel,Agyei,Agyei,5c374509
208706,Bruno,Guimarães Rodriguez Moura,Bruno Guimarães,82518f62
208904,Mads Juel,Andersen,Andersen,f098c03e
208912,Joe,Worrall,Worrall,a5212312
208973,Francisco,Sierralta,Sierralta,0f933743
208987,Jeff,Reine-Adelaide,Reine-Adelaide,d504b3e1
208998,Zeze Steven,Sessegnon,Sessegnon,4e229bf9
209035,Jonathan,Panzo,Panzo,c795c408
209036,Marc,Guéhi,Guéhi,d0706b27
209037,Zech,Medley,Medley,692e9958
209040,Timothy,Eyoma,Eyoma,449949f4
209041,Angel,Gomes,Gomes,645a3363
209042,Oliver,Skipp,Skipp,6250083a
209043,Nya,Kirby,Kirby,96b99d13
209045,Taylor,Richards,Richards,e0243d23
209046,Callum,Hudson-Odoi,Hudson-Odoi,15f3ec41
209212,Thomas,Edwards,Edwards,1b780599
209243,Jadon,Sancho,Sancho,dbf053da
209244,Phil,Foden,Foden,ed1e53f3
209288,Tom,McGill,McGill,4eb2d015
209289,Emile,Smith Rowe,Smith Rowe,17695062
209293,Daiki,Hashioka,Hashioka,10cb48b7
209353,Patrick,Cutrone,Cutrone,a4fe8cda
209362,Bernardo,Fernandes Da Silva Junior,Bernardo,17370b95
209400,Daichi,Kamada,Kamada,15b287da
209411,Joe,Tupper,Tupper,7d675f6f
209413,Jordi,Osei-Tutu,Osei-Tutu,0a16eb36
209418,Tobi,Omole,Omole,296904e8
209419,Max,Melbourne,Melbourne,7ad65188
209420,Joy,Mukena,Mukena,8bfcc23b
209925,Xande,Nascimento da Costa Silva,Xande Silva,15d561fa
210156,Taiwo,Awoniyi,Awoniyi,e5478b87
210207,Fousseni,Diabaté,Diabaté,d07e3b41
210237,Marko,Grujic,Grujic,8b8e759d
210407,Matheus,Pereira,Pereira,b04ee927
210462,Ibrahim,Sangaré,Sangaré,bced0375
210494,Nayef,Aguerd,Aguerd,288e1e13
211975,Manuel,Akanji,Akanji,89ac64a6
212314,Sasa,Lukic,Lukic,c6e8cf1f
212319,Richarlison,de Andrade,Richarlison,fa031b34
212325,Pierre,Lees-Melou,Lees-Melou,f5044e54
212701,Denis,Zakaria,Zakaria,384d58d9
212721,Lyanco,Silveira Neves Vojnovic,Lyanco,b5bf1770
212723,Milot,Rashica,Rashica,6c6a3300
213056,Tudor,Baluta,Baluta,ed33f42d
213198,Christopher,Nkunku,Nkunku,7c56da38
213280,Jake,Eastwood,Eastwood,54d9b72d
213345,Wesley,Moraes,Wesley,bfae110f
213384,Josh,Clackstone,Clackstone,25dfa9be
213405,Filip,Benkovic,Benkovic,305a3820
213482,Yan,Valery,Valery,531a4aa8
213687,Charlie,Goode,Goode,7aee4dd3
213999,Edson,Álvarez Velázquez,Álvarez,8b3ab7ad
214048,Max,Kilman,Kilman,d0f72bf1
214225,Joe,Rodon,Rodon,8d62d31a
214285,Konstantinos,Tsimikas,Tsimikas,f315ca93
214466,Will,Smallbone,Smallbone,5e105217
214470,Jake,Vokins,Vokins,d484c261
214572,Brandon,Austin,Austin,5e253986
214590,Aaron,Wan-Bissaka,Wan-Bissaka,9e525177
214964,George,Edmundson,Edmundson,46ff3923
214987,Kamil,Miazek,Miazek,ab20668a
215059,Robert,Sánchez,Sánchez,6a713852
215062,Max,Sanders,Sanders,4871d0e8
215066,Alex,Cochrane,Cochrane,8a08585e
215136,Neco,Williams,N.Williams,dd323728
215379,Elliot,Anderson,Anderson,de31038e
215407,Alfie,Lewis,Lewis,548e5d9f
215409,Cameron,John,John,6c753e99
215413,Kiernan,Dewsbury-Hall,Dewsbury-Hall,5c74c0f5
215439,Tomas,Soucek,Soucek,6613c819
215457,Kane,Wilson,Wilson,a3f1897f
215460,Ian Carlo,Poveda-Ocampo,Poveda,55b4f1d6
215476,Joshua,Sargent,Sargent,a8d4428b
215531,Ionuț,Radu,Radu,67f649be
215610,Marcel,Lavinier,Lavinier,6b3e4b53
215711,Leon,Bailey,Bailey,3a233281
215885,Michael,Phillips,Phillips,2a1c8e89
216051,Diogo,Dalot Teixeira,Dalot,d9565625
216054,Rúben,Nascimento Vinagre,Vinagre,b937e490
216058,Domingos,Quina,Quina,41fb0f4e
216183,Brahim,Diaz,Diaz,407feb71
216208,Matija,Šarkić,Šarkić,a89e7b29
216554,Sam,Hughes,Hughes,286f5a8e
216616,Dara,O'Shea,O'Shea,1d042188
216620,Marcus,Forss,Forss,82c215a0
216646,Yoane,Wissa,Wissa,2500cef9
217331,Sam,Surridge,Surridge,b017b770
217401,Josh,Benson,Benson,bf3aeb61
217487,Mbwana Ally,Samatta,Samatta,dae8623e
217593,Pablo,Fornals Malla,Fornals,82927de4
217989,Rafael,Camacho,Camacho,91b43c98
218023,Jimmy,Dunne,Dunne,1fdfd6da
218031,Çaglar,Söyüncü,Söyüncü,21166ff4
218112,Jason,Lokilo,Lokilo,fad4d5e8
218218,Wout,Faes,Faes,9c221d14
218430,Gonzalo,Montiel,G.Montiel,374d5158
218997,Ellis,Simms,Simms,26d3b5be
219002,Dodi,Lukebakio,Lukebakio,0c61c77c
219168,Alexander,Isak,Isak,8e92be30
219265,Felix,Nmecha,Nmecha,091c86e2
219279,Sugawara,Yukinari,Sugawara,580bcd18
219291,Claudio,Gomes,Gomes,22f6ed2c
219352,Ademola,Lookman,Lookman,7c104bb7
219727,Joel,Asoro,Asoro,13e827f8
219847,Kai,Havertz,Havertz,fed7cb61
219924,Issa,Diop,Diop,a712ca2b
219929,Rafa,Mir,Mir,bbf5c11b
219937,Rhys,Williams,R.Williams,012c975a
219961,Raphael,Dias Belloli,Raphinha,3423f250
220037,Bailey,Peacock-Farrell,Peacock-Farrell,4879f8cb
220087,Maximilian,Wöber,Wöber,4b803b3c
220166,Marc,Navarro,Navarro,c2846353
220237,Sven,Botman,Botman,ccce7025
220307,Arnaut,Danjuma,Danjuma,f08490a6
220362,Axel,Disasi,Disasi,ad82197c
220394,Tommy,Doyle,Doyle,5526deb1
220566,Rodrigo,Hernandez,Rodri,6434f10d
220583,Luke,Woolfenden,Woolfenden,e28e9bec
220585,Flynn,Downes,Downes,69fdb896
220598,Michael,Obafemi,Obafemi,caa1a7f0
220627,James,Justin,Justin,fb614c44
220650,Thibaud,Verlinden,Verlinden,e5c026d6
220682,Arthur,Okonkwo,Okonkwo,75834acc
220684,Ajibola,Alese,Alese,182a8b9d
220686,Bali,Mumba,Mumba,2d760d7b
220688,Mason,Greenwood,Greenwood,58eee997
220693,Rayhaan,Tulloch,Tulloch,bddd8ba3
220695,Paris,Maghoma,Maghoma,8a3ddcd2
220738,Jayson,Molumby,Molumby,c908a1bc
221239,Keinan,Davis,Davis,9deaf2c8
221245,Levi,Lumeka,Lumeka,199ff86e
221267,Josh,Tymon,Tymon,efe6f6ac
221268,Ben,Hinchcliffe,Hinchcliffe,6261bd48
221271,Ben,Wynter,Wynter,86334f1a
221272,Sam,Woods,Woods,a62da625
221275,Luke,Dreher,Dreher,d1c509d9
221286,Charlie,Rowan,Rowan,d129989d
221399,Jack,Harrison,Harrison,aa849a12
221403,Richie,Laryea,Laryea,276fdbe4
221466,Marcos,Senesi,Senesi,35141f4c
221568,Daniel,Kemp,Kemp,82362769
221610,Jamie,Shackleton,Shackleton,8d03ca5a
221632,Cristian,Romero,Romero,a3d94a58
221820,Lisandro,Martínez,Martínez,bac46a10
222017,Conor,Coventry,Coventry,a5ca9127
222018,Ben,Johnson,Johnson,9319781b
222434,Jack,Simpson,Simpson,76fa5f80
222531,Morgan,Gibbs-White,Gibbs-White,32f60ed8
222564,Francisco,Machado Mota de Castro Trincão,Trincão,77e39b04
222625,George,Hirst,Hirst,78e87179
222627,João,Virgínia,Virgínia,728e9b2e
222677,Tahith,Chong,Chong,2696b6a9
222683,Justin,Kluivert,Kluivert,4c3a6744
222690,Tyrell,Malacia,Malacia,6b6c793c
222694,Pascal,Struijk,Struijk,f4d296e4
222786,Panagiotis,Retsos,Retsos,4bd00a50
223081,Kristoffer,Klaesson,Klaesson,3f70db80
223094,Erling,Haaland,Haaland,1f44ac21
223175,Matthew,Longstaff,M.Longstaff,c0027d2d
223332,Faustino,Anjorin,Anjorin,b105919e
223333,Louie,Watson,Watson,d4f63087
223335,Sylvester,Jasper,Jasper,a9f04944
223337,Jamie,Bowden,Bowden,9a5675c9
223340,Bukayo,Saka,Saka,bc7dc64d
223349,Indiana,Vassilev,Vassilev,04e195ee
223434,Igor Julio,dos Santos de Paulo,Igor,a4e85758
223723,Takehiro,Tomiyasu,Tomiyasu,b3af9be1
223824,Reece,Hannam,Hannam,974b8e7f
223911,Chris,Mepham,Mepham,fed96827
224024,Lucas,Tolentino Coelho de Lima,Paquetá,9b6f7fd5
224068,Matt,Turner,Turner,4a51ba65
224117,Viktor,Gyokeres,Gyokeres,4d5a9185
224209,Rasmus,Kristensen,Kristensen,39769cff
224444,Ferran,Torres,Torres,9e1035f8
224946,Matthew,Worthington,Worthington,8c8b941f
224967,Vitalii,Mykolenko,Mykolenko,30d4a2e5
224995,Luis,Sinisterra Lucumí,Sinisterra,8e16dd48
225000,Dion,Sanderson,Sanderson,b3fa76c5
225295,Mateus,Cardoso Lemos Martins,Tetê,7120a04d
225321,Aaron,Ramsdale,Ramsdale,466fb2c5
225368,Meritan,Shabani,Shabani,012c38ec
225702,Samuel,Kalu,Kalu,b8d22478
225796,Reece,James,James,1265a93a
225897,Fodé,Ballo-Touré,Ballo-Touré,f449640d
225902,Boubakary,Soumaré,Soumaré,ae59b359
226029,Lasse,Sorenson,Sorenson,ce9c203e
226182,Jayden,Bogle,Bogle,ae5019e6
226473,Scott,Twine,Twine,5a425cab
226597,Gabriel,dos Santos Magalhães,Gabriel,67ac5bb8
226944,Boubacar,Kamara,Kamara,cc77354e
226956,Mads,Roerslev Rasmussen,Roerslev,57c94db2
227127,Yves,Bissouma,Bissouma,6c203af0
227444,Nikola,Milenković,Milenković,bee704fc
227560,Oghenekaro Peter,Etebo,Etebo,b579e83d
228044,Mads,Bech Sørensen,Bech,30db8574
228286,Edouard,Mendy,Mendy,33887998
228798,Cengiz,Ünder,Ünder,1880614f
229164,Chiedozie,Ogbene,Ogbene,788c0277
229415,Jon,McCracken,McCracken,47188db7
229600,Mark,Travers,Travers,fe558029
230046,Douglas Luiz,Soares de Paulo,Douglas Luiz,6f7d826d
230127,Percy,Tau,Tau,4d0eb7d2
230251,Emmanuel,Dennis,Dennis,2c44a35d
230348,Ross,Stewart,Stewart,18986367
230428,Philippe,Sandler,Sandler,60740e70
231057,Jean-Ricner,Bellegarde,Bellegarde,10f0fdd3
231065,Ethan,Pinnock,Pinnock,e541326e
231172,Brandon,Mason,Mason,1415840f
231372,Tanguy,Ndombele,Ndombele,5cdddffa
231480,Santiago,Bueno,S.Bueno,edc98fac
231747,Jean-Philippe,Mateta,Mateta,50e6dc35
231899,Jack,Taylor,Taylor,48eed8d5
232185,Ismaila,Sarr,Sarr,bfdb33aa
232223,Folarin,Balogun,Balogun,31822f8c
232228,Harry,Clarke,Clarke,a64f2573
232229,Vontae,Daley-Campbell,Daley-Campbell,192d4c3d
232233,Tyreece,John-Jules,John-Jules,247e5cfc
232241,Matthew,Smith,Smith,54b6eed9
232245,Zak,Swanson,Swanson,5b7381b5
232247,Dominic,Thompson,Thompson,235a62f8
232351,Ryan,Giles,Giles,73b1d65b
232361,Taylor,Perry,Perry,01ba3996
232391,Jeremy,Ngakia,Ngakia,3631ad41
232398,Nathan,Trott,Trott,7494bea9
232413,Eberechi,Eze,Eze,ae4fc6a4
232423,Nathan,Ferguson,Ferguson,2f8d27bc
232427,Rekeem,Harper,Harper,3c066877
232456,Dilan,Markanday,Markanday,4f242e0e
232477,Elliot,Thorpe,Thorpe,9b1da146
232620,Lewis,Brunt,Brunt,a2081c6b
232653,Jacob,Ramsey,Ramsey,1544f145
232667,Akin,Famewo,Famewo,9d9a71c1
232787,Conor,Gallagher,Gallagher,c2731c10
232792,Tariq,Lamptey,Lamptey,f4e433d4
232797,Kayne,Ramsay,Ramsay,dc31b84c
232826,Anthony,Gordon,Gordon,2bd83368
232829,Kyle,John,John,c9093a1a
232859,Djed,Spence,Spence,9bc9a519
232881,Thakgalo,Leshabela,Leshabela,383e68b1
232892,Calvin,Bassey,Bassey,a36524bf
232917,Arijanet,Muric,Muric,99aa1a84
232928,James,Garner,Garner,4e015693
232937,Brandon,Williams,B.Williams,5e74d6c8
232957,Thomas,Allan,Allan,e95726c1
232960,Lewis,Cass,Cass,711a6e59
232964,Lewis,Gibson,Gibson,cdf0f2db
232977,Kelland,Watts,Watts,603e4f0b
232979,Jack,Young,Young,ad7cd1fa
232980,Max,Aarons,Aarons,774cf58b
233420,Renan Augusto,Lodi dos Santos,Renan Lodi,ed9f7cfe
233425,Aaron,Connolly,Connolly,27c01749
233489,Leighton,Clarkson,Clarkson,d5dafedb
233497,Adama,Diakhaby,Diakhaby,65585e3a
233821,Anel,Ahmedhodžić,Ahmedhodžić,eab957a3
233849,Archie,Mair,Mair,70e9afd8
233963,Konstantinos,Mavropanos,Mavropanos,00963611
234370,Marc,Roca Junqué,Roca,da27e268
234483,Aiden,O'Neill,O'Neill,c7aee75b
234720,Giovanni,McGregor,McGregor,1b138e25
234908,Juan,Foyth,Foyth,6c7762c3
235382,Steven,Alzate,Alzate,ad1f61f3
235448,Ellery,Balcombe,Balcombe,e827567f
235449,George,Wickens,Wickens,eafaafa5
235530,Lloyd,Kelly,Kelly,f31def1e
235546,Jacob,Sørensen,Sørensen,953c30b0
235599,Nikola,Tavares,Tavares,0beeb166
235640,Harry,Boyes,Boyes,467bf546
235674,Manor,Solomon,Solomon,886f9aac
240143,Ibrahima,Diallo,Diallo,11ff3d56
240299,Joseph,Hodge,Hodge,bd8a5d95
240499,Daniel,Batty,Batty,96c92a74
240514,Kjell,Scherpen,Scherpen,f0e4c69e
240796,Álvaro,Fernández,Fernández,f127d782
241157,Emerson,Leite de Souza Junior,Emerson Royal,df8b52a5
241231,Jordan,Beyer,Beyer,9af1f9ff
241289,Ben,Wilmot,Wilmot,2876eaa3
241519,Weston,McKennie,McKennie,01c3aff5
241791,Ryan,Schofield,Schofield,74947a21
242058,Moise,Kean,Kean,3d50bcdb
242166,Mattéo,Guendouzi,Guendouzi,5ea8ef20
242183,James,Morris,Morris,59e3e314
242453,Jacob,Brown,Brown,ca18c8f1
242500,Joe,Taylor,Taylor,bfd3801e
242510,Louie,Moulden,Moulden,7b7de75a
242880,Benoît,Badiashile,Badiashile,06df8256
242885,Loïc,Mbe Soh,Mbe Soh,8f534f8e
242898,Brennan,Johnson,Johnson,0cd31129
243016,Alexis,Mac Allister,Mac Allister,83d074ff
243298,Cody,Gakpo,Gakpo,1971591f
243343,Jake,Cain,Cain,a33ce8e2
243345,Lewis,O'Brien,O'Brien,089667a5
243505,Jakub,Moder,Moder,f230bc30
243531,Andrew,Eleftheriou,Eleftheriou,0878b548
243532,Dion,Pereira,Pereira,8aab04dc
243557,Moussa,Diaby,Diaby,aeed5c06
243568,Billy,Gilmour,Gilmour,df10e27c
243569,Adedapo,Awokoya-Mebude,Mebude,b7996fe0
243571,Nathan,Patterson,Patterson,230f0471
243710,Bernardo,Costa Da Rosa,Rosa,cd3112d5
244042,Rodrigo,Muniz Carvalho,Muniz,a755db8c
244085,Siriki,Dembélé,Dembélé,11f54bd5
244262,Alfie,Doughty,Doughty,bf33b257
244560,Romain,Perraud,Perraud,6dfd8f05
244619,Luke,Thomas,Thomas,fc027d02
244704,Matías,Viña,Viña,08eb3b58
244716,Juan Camilo,Hernández Suárez,Cucho,71b47ab9
244723,Tyrick,Mitchell,Mitchell,5cbd1eb0
244731,Luis,Díaz,Luis Díaz,4a1a9578
244845,Nathan,Wood-Gordon,Wood,4ccf2d5b
244848,Teddy,Jenks,Jenks,a96ba40b
244850,Morgan,Rogers,Rogers,2e5915f1
244851,Cole,Palmer,Palmer,dc7f8a28
244856,Teden,Mengi,Mengi,91748070
244858,Fábio,Freitas Gouveia Carvalho,Carvalho,966e28d0
244890,Joseph,Hungbo,Hungbo,fdf9edec
244930,Alex,Mighten,Mighten,10ec4169
244932,Ben,Knight,Knight,190163f3
244954,Pau,Torres,Pau,532e1e4f
245414,Nicolò,Zaniolo,Zaniolo,9907b1c8
245419,Patson,Daka,Daka,ca45605e
245719,Taylor,Harwood-Bellis,Harwood-Bellis,47327321
245824,Carlos Vinícius,Alves Morais,Vinícius,8b529245
245830,Josh,Bowler,Bowler,ea39a081
245923,Luke,Cundle,Cundle,cc3b8e78
246265,Corrie,Ndaba,Ndaba,4db55657
246799,Jackson,Smith,Smith,15fdac60
246878,Abdelhamid,Sabiri,Sabiri,4830e0af
247245,Hannes,Delcroix,Delcroix,b737f944
247286,Kyle,Jameson,Jameson,3e61e488
247348,Daniel,Muñoz,Muñoz,778ef829
247412,Jørgen,Strand Larsen,Strand Larsen,f553b2b3
247632,Pedro,Lomba Neto,Neto,7ba2eaa9
247664,Terry,Ablade,Ablade,d524dcd7
248164,Viljami,Sinisalo,Sinisalo,a48635b8
248853,Dynel,Simeu,Simeu,6df49f02
248854,Josh,Brooking,Brooking,330f638c
248857,Noni,Madueke,Madueke,bf34eebd
248859,Amadou,Diallo,Diallo,e31708b2
248865,Armstrong,Oko-Flex,Oko-Flex,ab77d10d
248875,Jérémy,Doku,Doku,fffea3e5
248937,Sam,Greenwood,Greenwood,f3354c07
249231,Keane,Lewis-Potter,Lewis-Potter,41f08ac8
250199,Nicolás,Domínguez,Dominguez,20b3a502
250370,Nathan,Bishop,Bishop,bf713136
250604,Owen,Otasowie,Otasowie,6956ff08
250735,Darko,Churlinov,Churlinov,c6608135
420922,Jan,Zamburek,Zamburek,395880a4
421796,Sidnei,Tavares,Tavares,3add8ed8
422287,Kofi,Balmer,Balmer,0284bd0d
422303,John,McAtee,McAtee,5c42b6b6
422306,Will,Ferry,Ferry,f4765c97
422612,Ryan,Astley,Astley,0eb884e1
423649,Enock,Mwepu,Mwepu,1d5cab82
424001,Vini,de Souza Costa,Vini Souza,6a8a7af8
424044,Hamed,Traorè,H.Traorè,570bb4b9
424876,Dominik,Szoboszlai,Szoboszlai,934e1968
427420,Giovanni,Reyna,Reyna,7fa4e703
427623,Chris,Richards,Richards,0a3d6d2b
427637,Brenden,Aaronson,Aaronson,5bc43860
428399,João,Félix Sequeira,João Félix,8aafd64f
428580,Frank,Onyeka,Onyeka,2944f86f
428610,Bruno André,Cavaco Jordão,Jordão,41ff002d
428626,Przemyslaw,Placheta,Placheta,3c33f9d9
428971,Steven,Benda,Benda,caaa7fab
429414,Sasa,Kalajdzic,Kalajdžić,15f24fe7
430367,Joel,Mumbongo,Mumbongo,f8e588df
430871,Matheus,Santos Carneiro Da Cunha,Cunha,dc62b55d
430992,Owen,Beck,Beck,a011a1e9
431019,Karlo,Ziger,Ziger,53b781b9
431131,Moussa,Djenepo,Djenepo,254147d4
431774,Kyle,Taylor,Taylor,0bb6d386
431924,Daniel,Adshead,Adshead,8f817fc7
431960,Bendegúz,Bolla,Bolla,b6ca3ab3
432160,Shandon,Baptiste,Baptiste,2886c9b5
432422,Sandro,Tonali,Tonali,0db169ae
432656,Eric,Garcia,Garcia,2bed3eab
432705,James,Daly,Daly,435c44b3
432711,Conrad,Egan-Riley,Egan-Riley,d313e8ff
432712,Owen,Hesketh,Hesketh,3f991cbb
432714,James,McAtee,McAtee,96593e89
432720,James,Trafford,Trafford,259fea27
432735,Adam,Idah,Idah,291e3ec3
432793,Abd-Al-Ali Morakinyo Olaposi,Koiki,Koiki,82726be5
432830,Nathan,Collins,Collins,a8c19eb8
432927,Daniel,Langley,Langley,096d1e60
432931,Tyrese,Francois,Francois,6722d4f0
432990,Yasser,Larouci,Larouci,0ed063d6
433019,Liam,Hughes,Hughes,54ae11f8
433138,Marc,Leonard,Leonard,bd8afa3d
433154,Dwight,McNeil,McNeil,fc15fb84
433589,Haydon,Roberts,Roberts,a731e8a0
433590,Cody,Drameh,Drameh,e0d1510a
433979,Cameron,Archer,Archer,05e8ca6d
434024,Patrik,Gunnarsson,Gunnarsson,4d39152d
434043,Alex,Robertson,Robertson,3434ac72
434044,Cieran,Slicker,Slicker,02aed921
434138,Jordan,Stevens,Stevens,7d3dc53e
434662,Halil,Dervişoğlu,Dervişoğlu,9d8cf204
435973,Lyle,Foster,Foster,f84a807c
436234,Bryan,Gil Salvatierra,Bryan,7b5ab7f2
436680,Jakub,Stolarczyk,Stolarczyk,a4a76b3d
437468,Sergio,Gómez,Sergio Gómez,01e5f06e
437476,Braian,Ojeda Rodríguez,Ojeda,60953af0
437495,Illan,Meslier,Meslier,6b625ac2
437626,Nuno,Varela Tavares,Tavares,a65c844b
437688,Lewis,Richards,Richards,ae0e6ba7
437730,Antoine,Semenyo,Semenyo,efd2ec23
437742,Albert,Sambi Lokonga,Sambi,1b4f1169
437748,Mike,Trésor,M.Trésor,b2a81fc6
437753,Giulian,Biancone,Biancone,de40e38c
437757,Han-Noah,Massengo,Massengo,eba1e557
437858,Vitor,Ferreira,Vitinha,3b029691
438098,Fábio,Ferreira Vieira,Fábio Vieira,6412cc03
438277,Ozan,Kabak,Kabak,2d61d13a
438405,Billy,Crellin,Crellin,1a85a237
438464,Cheick,Doucouré,C.Doucouré,ce4f40c7
439242,Taylor,Gardner-Hickman,Gardner-Hickman,f05ee68d
439482,Miguel,Azeez,Azeez,660e71be
439485,Josh,Martin,Martin,3f072a68
439509,Christos,Tzolis,Tzolis,9f333379
439510,Luke,Mbete-Tabu,Mbete,387e1d35
440089,Mikkel,Damsgaard,Damsgaard,215f3907
440113,Aaron,Rowe,Rowe,4b6bcb0d
440120,Daniel,Chesters,Chesters,240c8ab6
440123,James,Furlong,Furlong,ab18d1b0
440148,Tyler,Morton,Morton,2bc28bb9
440241,Jensen,Weir,Weir,2ae8e967
440323,Armando,Broja,Broja,97220da2
440854,Jakub,Kiwior,Kiwior,dc3e663e
440993,Iliman,Ndiaye,Ndiaye,5ed97752
441024,Harrison,Ashby,Ashby,b391383a
441164,Pedro,Porro,Pedro Porro,27d0a506
441191,Tino,Livramento,Livramento,afed6722
441192,Jeremy,Sarmiento Morante,Sarmiento,ac0d576d
441240,Romain,Faivre,Faivre,745ca0a3
441266,Ryan,Gravenberch,Gravenberch,b8e740fb
441271,Ki-Jana,Hoever,Hoever,9a71e978
441302,Ian,Maatsen,Maatsen,cab9634e
441428,Jarell,Quansah,Quansah,4125cb98
441455,Victor,da Silva,Vitinho,9295dc1c
442229,Michal,Karbownik,Karbownik,1b280c66
442335,Edo,Kayembe,Kayembe,f99b71de
443211,Rhys,Norrington-Davies,Norrington-Davies,ca76b087
443296,Theo,Corbeanu,Corbeanu,25b82f9a
443629,Marcelo,de Araújo Pitaluga Filho,Pitaluga,b3cafda8
443661,Michael,Olise,Olise,c4486bac
443967,Junior,Firpo Adames,Firpo,24f59bb2
444145,Gabriel,Martinelli Silva,Martinelli,48a5a5d6
444172,Will,Dennis,Dennis,d8edc4be
444180,Jaidon,Anthony,Anthony,e4238fb1
444181,Nnamdi,Ofoborh,Ofoborh,76bca47e
444183,Gavin,Kilkenny,Kilkenny,3eeda7dd
444253,Jordan,Thomas,Thomas,b547f08c
444463,Wesley,Fofana,W.Fofana,132a82f1
444575,Toby,King,King,25671a6a
444765,Sepp,van den Berg,Van den Berg,7bf9400b
444880,Mika,Biereth,Biereth,a1d95db3
444884,Harvey,Elliott,Elliott,c8387671
445044,Dejan,Kulusevski,Kulusevski,df3cda47
445122,Jurriën,Timber,J.Timber,41034650
445548,Odeluga,Offiah,Offiah,65c3efa2
445550,Thomas,Dickson-Peters,Dickson-Peters,f119a610
445896,Kgaogelo,Chauke,Chauke,06791660
446008,Bryan,Mbeumo,Mbeumo,6afaebf2
446189,Matej,Kovár,Kovár,bc67a0e1
446281,Tony,Springett,Springett,35be8087
447093,Allan,Tchaptchet,Tchaptchet,ab7d7882
447107,Ethan,Wady,Wady,fe80cc4a
447203,Darwin,Núñez Ribeiro,Darwin,4d77b365
447235,Troy,Parrott,Parrott,4357f557
447261,Mackenzie,Hunt,Hunt,a7a688d7
447325,Harry,Tyrer,Tyrer,af49fb14
447372,Ryan,Finnigan,Finnigan,9610c9c1
447373,Shane,Flynn,Flynn,862cc23f
447715,Aaron,Ramsey,Ramsey,e1618c22
447720,Imari,Samuels,Samuels,8218e831
447879,Joseph,Anang,Anang,21a866b7
447880,Josh,Wilson-Esbrand,Wilson-Esbrand,c19a2df1
447932,Jordan,Zemura,Zemura,e8271ad9
448047,Enzo,Fernández,Enzo,5ff4ab71
448089,João Victor,Gomes da Silva,João Gomes,8b57ad2c
448482,Robert,Street,Street,b4390912
448487,Andreas,Söndergaard,Söndergaard,43f9b4ba
448496,Ed,Turns,Turns,9bbef03e
448514,Rayan,Aït-Nouri,Aït-Nouri,9b398aea
448791,Harvey,White,White,4d90ce8c
449133,Harvey,Griffiths,Griffiths,6e4cb264
449429,Jacob,Greaves,Greaves,1f169636
449434,Anthony,Elanga,Elanga,2fba6108
449444,Mazeed,Ogungbo,Ogungbo,bacf9d43
449781,Alexandre,Jankewitz,Jankewitz,7c39363f
449871,Amadou,Onana,Onana,828657ff
449926,Adrián,Bernabé,Bernabé,548672b4
449974,Lukas,Jensen,Jensen,47ed3795
449988,Fabio,Silva,Fabio Silva,e7aa9d7c
450070,Crysencio,Summerville,Summerville,df04eb4b
450197,George,Shelvey,G.Shelvey,5ab61aea
450314,Matthew,Daly,Daly,03e48abb
450434,Deniz,Undav,Undav,dd549382
450527,Mohammed,Salisu,Salisu,0b33f6ad
450529,Lewis,Bate,Bate,cd4256d3
450535,Malcolm,Ebiowei,Ebiowei,fa9fa773
450539,Myles,Peart-Harris,Peart-Harris,ea1a5662
450541,Luke,Plange,Plange,2140e999
450542,Jesurun,Rak-Sakyi,Rak-Sakyi,45685411
450544,Charlie,Patino,Patino,e71aac2c
450550,Fin,Stevens,Stevens,7e003182
450553,Alex,Kirk,Kirk,ace36a62
451302,Altay,Bayindir,Altay,072e68ed
451310,Jonathan,Tomkinson,Tomkinson,4ba27cea
451340,Kaoru,Mitoma,Mitoma,74618572
453537,Carlos,Mendes Gomes,Mendes,d90a63ec
455084,Leif,Davis,Davis,8574c61f
456350,Gavin,Bazunu,Bazunu,c91441dc
456966,Caleb,Watts,Watts,c7170b46
457569,Đorđe,Petrović,Petrović,0cf321c8
458249,Joshua,Zirkzee,Zirkzee,028e70b9
458297,Pierre,Ekwah,Ekwah,830371be
459373,Gonçalo Bento,Soares Cardoso,Cardoso,47760615
460028,Levi,Colwill,Colwill,700783e7
460029,Nathan,Young-Coombes,Young-Coombes,f9682888
460842,Mohammed,Kudus,Kudus,b62878a5
461012,Cameron,Plain,Plain,8c45f10e
461013,Euan,Pollock,Pollock,ea0271ee
461017,Christian,Saydee,Saydee,af102dc3
461023,Ryan,Alebiosu,Alebiosu,ce048fb8
461025,Nathan,Butler-Oyedeji,Butler-Oyedeji,3a686640
461026,Chem,Campbell,Campbell,6f711f67
461080,Joseph,McGlynn,McGlynn,f6b1bcd6
461096,Lewis,Richardson,Richardson,4fa62ae4
461102,Bobby,Thomas,Thomas,6a471ee8
461188,Bashir,Humphreys,Humphreys,d2b32e91
461195,Dennis,Cirkin,Cirkin,307ea3b6
461199,Romaine,Mundle,Mundle,597610cd
461201,Matthew,Craig,Craig,bc914523
461212,Nile,John,John,376d4a41
461358,Julián,Álvarez,Álvarez,15ab5a2b
461382,John-Kymani,Gordon,Gordon,d7e24aa1
461416,Thomas,Cannon,Cannon,4506aec5
461421,Lewis,Dobbin,Dobbin,e814e1cf
461446,Tyler,Onyango,Onyango,d86a1f3e
461450,Max,Thompson,Thompson,fa38722f
461453,Lewis,Warrington,Warrington,8e633970
461484,Joe,White,White,d60c03a9
461508,Lucas,De Bolle,De Bolle,430e09c0
461529,Charlie,Savage,Savage,e07398f8
461533,Ademipo,Odubeko,Odubeko,dcba03f6
461537,Dermot,Mee,Mee,caa32820
461548,Zidane,Iqbal,Iqbal,6fa3c28e
461558,Maxwell,Haygarth,Haygarth,2294d430
461566,William,Fish,Fish,b2ee9d2c
461567,Owen,Dodgson,Dodgson,2e590065
461584,Wanya,Marçal-Madivadua,Marçal-Madivadua,6faae64f
461585,Tawanda,Maswanhise,Maswanhise,4f622ca3
461587,Kasey,McAteer,McAteer,b2c66859
461682,Brandon,Aguilera Zamora,B.Aguilera,938fa024
462381,Filip,Marschall,Marschall,a79abd8b
462384,Jamal,Baptiste,Baptiste,41d3704d
462387,Ali,Al-Hamadi,Al-Hamadi,8450467d
462424,William,Saliba,Saliba,972aeb2a
462438,Micah,Hamilton,Hamilton,0b059e15
462491,Luke,Chambers,Chambers,7d6af698
462492,Joe,Gauci,Gauci,5600c774
462635,Joe,Gelhardt,Gelhardt,01962d0d
462831,Scott,Banks,Banks,d01f8942
463034,Liam,Delap,Delap,dd897ee7
463067,Georginio,Rutter,Rutter,c64c01fc
463210,Shea,Charles,Charles,5cc3ce65
463748,Karl,Hein,Hein,aa81d8f8
463912,Elia,Caprile,Caprile,97d7afbd
463981,James,Hill,Hill,69942fb3
464353,Harvey,Davies,H.Davies,fd08a24b
464618,Liam,McCarron,McCarron,076bb352
465299,Anthony,Mancini,Mancini,bda82fc2
465351,Matheus Luiz,Nunes,Matheus,e6af02e0
465390,Kaine,Hayden,Hayden,9b066938
465527,Hannibal,Mejbri,Mejbri,ca22ccb0
465551,Nigel,Lonwijk,Lonwijk,17be8dc3
465572,Reda,Khadra,Khadra,88acf83f
465607,Anssumane,Fati Vieira,Ansu Fati,0ba976e4
465920,Mykhailo,Mudryk,Mudryk,049a888d
466117,Naouirou,Ahamada,Ahamada,a6c58494
466404,Andrew,Omobamidele,Omobamidele,c393a6c4
466955,Brandon,Pierrick,Pierrick,9a526299
467114,Oliver,Casey,Casey,2d82641c
467169,Antony Matheus,dos Santos,Antony,99127249
467189,Mads,Hermansen,Hermansen,c924b17d
467311,Matthew,Pollock,Pollock,6681bcc8
467779,Mats,Wieffer,Wieffer,4876c9ab
468243,Kamil,Conteh,Conteh,1d5c9842
469142,Jan Paul,van Hecke,Van Hecke,4fd08daa
469247,Samuel,Iling-Junior,Iling Jr,ba492306
469249,Nohan,Kenneh,Kenneh,bc91e227
470255,Caleb,Taylor,Taylor,4ed3f5c4
470294,Darko,Gyabi,Gyabi,56d838f7
470296,Jeremiah,Chilokoa-Mullen,Chilokoa-Mullen,3b57a494
471471,Imrân,Louza,Louza,e1df6989
471798,Gabriel,Słonina,Slonina,c55a846e
471848,Femi,Seriki,Seriki,e4e0deaa
472464,Shola,Shoretire,Shoretire,00f0482f
472713,Aaron,Hickey,Hickey,1780bb4a
472769,Nico,O'Reilly,O'Reilly,91ca4a16
473341,Caleb,Okoli,Okoli,8ec109e6
473342,Stuart,McKinstry,McKinstry,1000a059
474003,Leonardo,Campana,Campana,bf9c0749
474120,Julio,Enciso,Enciso,9cfbad36
474772,Ben,Greenwood,Greenwood,7eda24fe
474803,Eddie,Beach,Beach,7cbd6d68
474907,Reece,Welch,Welch,a182122b
474908,Jadan,Raymond,Raymond,9ad8d732
475123,Carlos Miguel,dos Santos Pereira,C.Miguel,84454067
475168,João Pedro,Junqueira de Jesus,João Pedro,e8832875
475480,Benicio,Baker-Boaitey,Baker-Boaitey,4c5835e6
475492,Oliver,Hammond,Hammond,3766178e
476161,Lewis,Payne,Payne,32e9d210
476344,Jhon,Durán,Durán,414184f7
476369,Issa,Kaboré,Kaboré,c066d1a5
476502,Boubacar,Traoré,Traoré,999ceb5f
476888,Sékou,Mara,Mara,3544641e
476938,Ismaila,Coulibaly,Coulibaly,d33e3242
477064,Rico,Lewis,Lewis,b57e066e
477386,Armel,Bella-Kotchap,Bella-Kotchap,a39d11bc
477424,Joško,Gvardiol,Gvardiol,5ad50391
477547,Leo Fuhr,Hjelde,Hjelde,d102b8a2
477555,Oscar,Bobb,Bobb,eed2427e
477580,Illia,Zabarnyi,Zabarnyi,88968486
477717,Maxime,Esteve,Estève,1a066e69
477733,Radek,Vítek,Vítek,d617bff6
478028,Kayky da Silva,Chagas,Kayky,17734ea0
478227,Stefan,Parkes,Parkes,66b290f7
478449,Kyron,Gordon,Gordon,f4aba1af
478912,Carney,Chukwuemeka,Chukwuemeka,b2f9c73e
478969,Hjalmar,Ekdal,Ekdal,f503ea63
479641,Sebastian,Revan,Revan,8525ec2a
479683,Marcus,Oliveira Alencar,Marquinhos,59878425
480216,Mateusz,Bogusz,Bogusz,a2c1d8c2
480455,Jarrad,Branthwaite,Branthwaite,c1949191
480818,Billy,Koumetio,Koumetio,866c67e9
481283,James,Wright,Wright,9417a430
481371,Zak,Brunt,Brunt,a31f0ebf
481405,Mads,Bidstrup,Bidstrup,407db0d5
481510,Victor,Kristiansen,Kristiansen,505486d6
481624,Jaden,Philogene-Bidace,Philogene-Bidace,19f4d211
481626,Christian,Marques,Marques,a7cf1541
482158,Lucas,Bergström,Bergström,b59c2a92
482442,Pape Matar,Sarr,Sarr,feb5d972
482609,Malo,Gusto,Gusto,d56b9520
482769,Máximo,Perrone,Perrone,53552942
483081,Rodrigo,Martins Gomes,R.Gomes,8dcf77c0
483364,Krisztián,Hegyi,Hegyi,2411c7f7
483365,Jonathan,Rowe,Rowe,8c12f884
483391,Luke,McNally,McNally,22a93e73
483398,Matthew,Whittingham,Whittingham,cd84f0e3
484658,Kacper,Kozłowski,Kozłowski,3ece036c
486385,Norberto Bercique,Gomes Betuncal,Beto,ed5c0319
486623,Sean,McAllister,McAllister,66c0246b
486672,Moisés,Caicedo Corozo,Caicedo,16264a81
486870,Frederik,Alves,Alves,95827107
487053,Destiny,Udogie,Udogie,7cd520e8
487117,Evan,Ferguson,Ferguson,4596da74
487693,Devan,Tanton,Tanton,3c256bb1
487702,Luca,Koleosho,Koleosho,fc076f78
487818,Joseph,Whitworth,Whitworth,3f847d95
487828,Omari,Forson,Forson,1b9728b0
487835,Benjamin,Chrisene,Chrisene,b17008fc
487836,Antwoine,Hackford,Hackford,a7588cdc
487837,Divin,Mubama,Mubama,92868cb5
487838,Lewis,Hall,Hall,da011f18
487968,Ameen,Al-Dakhil,Al-Dakhil,93e08bce
488404,Facundo,Pellistri Rebollo,Pellistri,ac7e7b1c
489580,Calvin,Ramsay,Ramsay,919acea0
489639,Bart,Verbruggen,Verbruggen,cf134113
490094,Tim,Iroegbunam,Iroegbunam,84c5ceea
490095,Ty,Barnett,Barnett,c68c6838
490098,Kaine,Hayden,Hayden,9b066938
490138,Jakub,Ojrzynski,Ojrzynski,94e5390a
490145,Dane,Scarlett,Scarlett,21945a9e
490146,Jay,Stansfield,Stansfield,b2626673
490150,Michael,Ndiweni,Ndiweni,8aff2b51
490161,Abu,Kamara,Kamara,a6fbfa77
490180,Aribim,Pepple,Pepple,94c53a55
490503,Samuel,Edozie,Edozie,007414dd
490721,Hugo,Bueno López,Bueno,bfc3b3a0
490881,Toby,Collyer,Collyer,4f9091bc
490885,George,Earthy,Earthy,123d2733
490887,Zach,Awe,Awe,7a0ae4f0
491008,Diogo,Pinheiro Monteiro,Monteiro,17850779
491011,Diego Manuel Jadon,da Silva Moreira,Diego Moreira,12de1b0d
491012,Youssef,Ramalho Chermiti,Y. Chermiti,890f108d
491279,Micky,van de Ven,Van de Ven,8fe2a392
491287,Enzo,Barrenechea,Barrenechea,6caffe81
491501,James,McConnell,McConnell,bf973eeb
491551,Thierry,Small,Small,6f487e5d
491556,Charlie,Whitaker,Whitaker,08288a57
491557,Jenson,Metcalfe,Metcalfe,5c2595e2
491559,Isaac,Price,Price,b9403c99
491598,Cameron,Peupion,Peupion,0bdeb013
491745,Elijah,Campbell,Campbell,48ba3f58
491785,Harvey,Vale,Vale,a70182a5
491970,Bobby,Clark,Clark,73341ace
492066,Niall,Huggins,Huggins,6d646ff7
492373,Charlie,Cresswell,Cresswell,4654e5f5
492374,Jack,Jenkins,Jenkins,3d46127c
492776,Dexter,Lembikisa,Lembikisa,0bdda685
492777,Conor,Bradley,Bradley,bbd67769
492779,Yago,de Santiago Alonso,Alonso,88b3215c
492831,Zeki,Amdouni,Amdouni,2ee5b0c9
492859,Wilfried,Gnonto,Gnonto,75fdd638
493105,Alejandro,Garnacho,Garnacho,7aa8adfe
493121,Roshaun,Mathurin,Mathurin,c036048e
493125,Radu,Dragusin,Drăgușin,620922ed
493250,Amad,Diallo,Amad,9dc96f10
493347,Denis,Franchi,Franchi,aab362e6
493736,Jimmy,Morgan,Morgan,f9d409a1
493928,Marcelo,Flores,Flores,937b36b1
493934,Kwadwo,Baah,Baah,f240e4f2
494041,Ethan,Brierley,Brierley,c2c5ecda
494541,Kamari,Doyle,Doyle,65983e4d
494543,Dominic,Ballard,Ballard,ed8d597c
495145,Alex,Paulsen,Paulsen,2da46a72
495542,Niels,Nkounkou,Nkounkou,f5b281e7
496179,Alfie,Devine,Devine,ba08056d
496185,Kaide,Gordon,Gordon,19a9cb70
496208,Ben,Doak,Doak,733f1a7d
496221,Adam,Wharton,Wharton,4b542852
496222,Zak,Sturge,Sturge,1095aec1
496228,Sonny,Perkins,Perkins,87f12e30
496283,Mahamadou,Susoho,Susoho,6cdd9d3d
496661,Tyler,Dibling,Dibling,bdcc89ae
496683,Max,Kinsey-Wellings,Kinsey-Wellings,ed46ab76
497605,Liam,Gibbs,Gibbs,e4b6d914
497606,Tawanda,Chirewa,Chirewa,34721c11
497894,Rasmus,Højlund,Højlund,491a433d
498046,Salah-Eddine,Oulad M'hand,Oulad M'hand,b85c3273
499169,Myles,Lewis-Skelly,Lewis-Skelly,5dff6c28
499175,Ethan,Nwaneri,Nwaneri,7f94982c
499309,Marc,Guiu Paz,Marc Guiu,d3d774cc
499721,Mikey,Moore,Moore,00953a9d
499724,Samuel,Amo-Ameyaw,Amo-Ameyaw,9eedf0e0
499857,Teddy,Sharman-Lowe,Sharman-Lowe,7cd31238
500052,Luca,Barrington,Barrington,85d7679f
500058,Jayden,Danns,Danns,003cf4d1
500267,Loïc,Badé,Badé,114bbdee
500926,Ronnie,Edwards,Edwards,be90c4b0
501284,Michael,Olakigbe,Olakigbe,cdd70dc0
501468,Tayo,Adaramola,Adaramola,c150b220
501770,Ben,Nelson,Nelson,7be10897
501837,Yerson,Mosquera Valdelamar,Mosquera,1e159d70
502500,Igor Thiago,Nascimento Rodrigues,Thiago,dc45ac24
502697,Carlos,Alcaraz,Alcaraz,4abac767
503139,Alex,Scott,Scott,104d0bb8
503300,Matthew,Cox,Cox,fea06849
503301,Omari,Hutchinson,Hutchinson,bd9553e6
503308,James,Sweet,Sweet,d4632cfa
503714,Lesley,Ugochukwu,Ugochukwu,1df4a109
503724,Lorenz,Assignon,Assignon,b026bbf6
504198,Anis,Slimane,Slimane,9ade9ce1
504598,Daniel,Gore,Gore,861e9b3b
504750,Justin,Hubner,Hubner,f233ed69
504751,Mauro,Bandeira,Bandeira,9b67eca8
504783,Kamaldeen,Sulemana,Kamaldeen,a62f8bf1
505187,Cesare,Casadei,Casadei,fb920f3a
505265,Cheikh,Diaby,Diaby,45787ffa
507433,Hákon,Valdimarsson,Valdimarsson,57a34cf4
508395,Yegor,Yarmoliuk,Yarmoliuk,907a5d7c
509416,Yasin,Ayari,Ayari,f173303a
510281,Sávio 'Savinho',Moreira de Oliveira,Sávio,fe6e7156
510328,Stanley,Mills,Mills,c0a454d5
510362,Toti António,Gomes,Toti,f0caab96
510363,Francisco Jorge,Tomás Oliveira,Chiquinho,dc6c2f02
511504,Kristian,Sekularac,Sekularac,e20a28ce
511783,Anass,Zaroury,Zaroury,07d65234
512462,Jake,O'Brien,O'Brien,25f2ef01
513046,Danilo,dos Santos de Oliveira,Danilo,a816dbfb
513418,Kevin,Schade,Schade,52afb588
513588,Jamie,Donley,Donley,5e4d9b48
513789,Thanawat,Suengchitthawon,Suengchitthawon,7a6bb9ed
513834,Andrew,Moran,Moran,c4720845
513836,Leigh,Kavanagh,Kavanagh,e16986b1
513840,Samy,Chouchane,Chouchane,6c1ebbc8
513852,Kris,Moore,Moore,b660a486
514154,Ben,Jackson,Jackson,0cd9c796
514229,Sam,Waller,Waller,8ee48565
514277,Jimi,Tauriainen,Tauriainen,cac9e583
514280,Alfie,Gilchrist,Gilchrist,d91f104d
514284,Joe,Wormleighton,Wormleighton,59d2e6bb
514287,Sil,Swinkels,Swinkels,a42f6058
514315,Lino,Sousa,Sousa,e09d77a2
514356,Roméo,Lavia,Lavia,ecad9aa5
514362,Temple,Ojinnaka,Ojinnaka,4e93ceb2
514514,Lewis,Koumas,Koumas,d77edba6
515023,Matthew,Dibley-Dias,Dibley-Dias,979cb300
515024,Luke,Harris,Harris,42dd1b56
515496,Owen,Goodman,Goodman,8074e66f
515500,Rhys,Bennett,Bennett,50c7de8f
515501,Álvaro,Fernández,Álvaro Fernández,f127d782
515503,Jack,Wells-Morrison,Wells-Morrison,a71ebcc8
515504,Joe,Hugill,Hugill,49134eb2
515571,Juan,Larios López,Larios,cf7fb13a
515597,Lamare,Bogarde,Bogarde,bca5c4a7
515599,Tommi,O'Reilly,O'Reilly,345fc437
515621,Chadi,Riad Dnanou,Chadi Riad,b3b9b8b8
516159,Oliwier,Zych,Zych,be18d79f
516250,Jacob,Wright,Wright,b6db05c3
516432,Valintino,Adedokun,Adedokun,1b5344ef
516874,Charles,Sagoe,Sagoe,187ab096
516895,Kobbie,Mainoo,Mainoo,c6220452
517052,Nicolas,Jackson,N.Jackson,9c36ed83
517178,Elkan,Baggott,Baggott,a0e00e23
517995,Leo,Castledine,Castledine,1c86192d
517996,Ronnie,Stutter,Stutter,e3f9e68a
518199,Fabian,Mrozek,Mrozek,927eecf9
518438,Kaelan,Casey,Casey,cd4b2c5f
518442,Lewis,Orford,Orford,40aaa04c
518466,Willy,Kambwala,Kambwala,6a7353d7
518467,Marc,Jurado Gomez,Jurado,c1d75f69
518504,James,Storer,Storer,257b20e1
518620,Ângelo Gabriel,Borges Damaceno,Ângelo,737945d9
518892,Ted,Curd,Curd,d9bd6f58
518906,Owen,Bevan,Bevan,87966294
519198,Alex,Matos,Matos,ed383e43
519223,Sammy,Braybrooke,Braybrooke,9f684e25
519321,Alfie,Dorrington,Dorrington,ac1ef440
519324,Amario,Cozier-Duberry,Cozier-Duberry,04eb7d82
519325,Habeeb,Ogunneye,Ogunneye,d0cdc0a3
519327,George,Abbott,Abbott,56628958
519328,Callum,Scanlon,Scanlon,37739c71
520295,David Datro,Fofana,D.D.Fofana,e82900ef
521966,Finley,Munroe,Munroe,36625c27
523700,Daniel,Jebbison,Jebbison,03edb878
523957,Bénie,Traoré,T.Bénie,77816c91
524069,Dale,Taylor,Dale Taylor,d5094280
524070,Jamie,McDonnell,McDonnell,b0df78a0
524180,Cameron,Humphreys,Humphreys,6068431b
524196,Shaqai,Forde,Forde,ebeac9e5
530117,Louis,Jackson,Jackson,06a441c4
530318,Kaden,Rodney,Rodney,49375cdd
530873,Dara,Costelloe,Costelloe,6281b7ed
531076,Frankie,Maguire,Maguire,3e5bd5e0
531363,Nathan,Fraser,Fraser,00b77ecf
531442,Abdul,Fatawu,A.Fatawu,bceda5ff
531989,David,Ozoh,Ozoh,d00d45ab
531993,Ademola,Ola-Adebomi,Ola-Adebomi,efacf4fd
532135,Killian,Phillips,Phillips,cfa9f361
532372,Oliver,Arblaster,Arblaster,afe1a491
532377,Louie,Marsh,Marsh,7923301c
532528,Joshua,Duffus,Duffus,6224214f
532529,Jack,Hinshelwood,Hinshelwood,e98211e7
532605,Andrey,Nascimento dos Santos,Andrey Santos,dd745366
533463,Dango,Ouattara,Ouattara,2f9e4435
533719,Adrian,Blake,Blake,d9a21f02
534392,Mason,Burstow,Burstow,dab84ad2
534836,Travis,Patterson,Patterson,e0b5d31b
535262,Reuell,Walters,Walters,501ac0cc
535264,Bradley,Ibrahim,Ibrahim,aaab4602
535301,Carlos,Baleba,Baleba,a1390d2f
535339,Tiago,Çukur,Çukur,ca990d30
535818,Simon,Adingra,Adingra,4dcec659
535928,Stefan,Bajcetic,Bajcetic,32e8417f
536109,Oliver,Scarles,Scarles,242e5e6d
536110,Josh,Feeney,Feeney,185321d3
536238,Ishé,Samuels-Smith,Samuels-Smith,da95fde0
536677,Detlef Esapa,Osong,Osong,a42bbccc
536681,Joe,Gardner,Gardner,f4c17979
536694,Matheus,França de Oliveira,Matheus França,077faf72
536908,Alejo,Véliz,Veliz,3f7bafbe
536916,Facundo,Buonanotte,Buonanotte,468a7a91
537043,Kaine,Kesler Hayden,Kesler Hayden,9b066938
537403,Kadan,Young,Kadan Young,91c75917
538206,Jordan,Amissah,Amissah,50fc4c0a
538207,William,Osula,Osula,7b355808
538210,Andre,Brooks,Brooks,5f346071
543158,Valentín,Barco,Barco,b9f282ec
544877,Milos,Kerkez,Kerkez,0ad53bdc
545477,Alex,Murphy,A.Murphy,f1c42eb3
547659,Josh,Powell,Powell,8129b437
547668,Axel,Piesold,Piesold,68201bf9
547673,Charlie,Robinson,C.Robinson,693a5e1a
547686,Luc,De Fougerolles,De Fougerolles,45c427ff
547701,Archie,Gray,Gray,f58515f5
547716,Ben,Parkinson,Parkinson,32163807
547719,Lewis,Miley,Miley,2c6835e5
548308,Ashley,Phillips,Phillips,4f21d3af
549014,Noël,Atom,Atom,966f64a3
549068,Omari,Kellyman,Kellyman,aa888da7
549344,Sam,Curtis,Curtis,7d42865e
549640,Michael,Golding,Golding,67c5e0e8
550141,Adrian,Mazilu,Mazilu,6029f951
550596,Dominic,Sadi,Sadi,54778940
550615,Tyrique,George,George,e6f7797e
550833,Noha,Lemina,N.Lemina,28401b55
550839,Wilson,Odobert,Odobert,35516eac
550864,Leny,Yoro,Yoro,6763f716
551230,Renato,Palma Veiga,Renato Veiga,fc8fcbd1
551232,Rodrigo,Duarte Ribeiro,Ribeiro,484a3eae
551995,Taylan,Harris,Harris,96630213
552030,Aidan,Francis-Clarke,Francis-Clarke,38c29201
552425,Sydie,Peck,Peck,767d9605
559963,Kiano,Dyer,Dyer,b43204f6
563883,Vincent,Angelini,Angelini,536e58cc
563934,Tyrese,Hall,Hall,f2e48542
564505,Sam,Proctor,Proctor,b96cec48
564510,Garang,Kuol,Kuol,a8a80be7
565297,Mateo Joseph,Fernández,Mateo Joseph,6ad43f9a
565431,Callum,Marshall,Marshall,3a27f1bf
568791,Callan,McKenna,McKenna,9d316492
569014,Eric,da Silva Moreira,Da Silva Moreira,0a4f579a
570241,Ji-Soo,Kim,Kim Ji-Soo,f4065d9e
570526,Lucas,Bergvall,Bergvall,a109e5c8
573062,Martial,Godo,Godo,e0eea46f
573808,Jack,Grieves,Grieves,2cf03378
574398,Franco,Umeh-Chibueze,Umeh-Chibueze,8e526344
574402,Mark,O’Mahony,O’Mahony,a3afdd69
575034,Ethan,Wheatley,Wheatley,5c368c88
575476,Murillo,Santiago Costa dos Santos,Murillo,1704b0b8
577016,Josh,Acheampong,Acheampong,b7e62e1d
577114,Luis Guilherme,Lira dos Santos,L.Guilherme,b7672d43
577725,Joshua,King,King,86109b3b
577974,Harry,Amass,Amass,7b47100c
578545,Kosta,Nedeljković,Nedeljkovic,c70be9cf
578614,Enock,Agyei,Agyei,a1dd3b81
585472,Ryan,Oné,Oné,d4aa4582
589114,Zack,Nelson,Nelson,de0abf23
589507,Leon,Chiwome,Chiwome,a2852b4f
590760,Daniel,Adu-Adjei,Adu-Adjei,2093823e
591357,Ryan,Trevitt,Trevitt,732327ae
591386,Treymaurice,Nyoni,Nyoni,1d3b3d77
591538,Owen,Hampson,Hampson,081b8cac
591539,Billy,Blacker,Blacker,2b08b6e5
592031,Yankuba,Minteh,Minteh,c3cf087d
592436,Travis,Hernes,Hernes,849e071e
592661,Tristan,Crama,Crama,130e085a
593001,Enso,González,González,7e5bebeb
596572,Michael,Dacosta Gonzalez,Dacosta Gonzalez,c1426015
597983,Ollie,Harrison,Harrison,6ce635b6
601496,Jili,Buyabu,Buyabu,15ee4bc1
601975,Yegor,Yarmolyuk,Yarmolyuk,907a5d7c
602934,Fletcher,Holman,Holman,de40b95a
608060,Jayden,Luker,Luker,61aed9fe
611011,Joseph,Johnson,Johnson,d9e7c4da
611926,Amara,Nallo,Nallo,398a24f6
612534,Benjamin,Fredrick,Fredrick,fde367e5
612855,Ibrahim,Osman,I.Osman,acdfe835
613467,Wesley,Okoduwa,Okoduwa,58469e7c
616094,Dovydas,Sasnauskas,Sasnauskas,9463c7eb
617054,Deivid Washington,de Souza Eugênio,Deivid,95bd120d
622536,Benjamin,Arthur,Arthur,093f0923
628204,Yunus,Konak,Konak,e02b5b36
634640,Christian,Chigozie,Chigozie,2dbd5678
641221,Pedro,Cardoso de Lima,Pedro Lima,b2f4cad5
646754,Lander,Emery,Emery,b5f7fd45
647597,Dominic,Dos Santos Martins,Martins,00464670
